Address,Amount
BNER4UJCBVZQUFKESMVLF6KQVQJFYXXIUSDYXONQ66QYBEUI4WFDG2JXCM,19.744462
LD4NG2LH25FXVOHNBW64MYDQUHPRGJKDF35MLGYSJDGYKOJ24YHJMIY3EE,19.744462
WATASSGXKHXZO5GFBCH6LDFMNMJXRYSRIRCLE2RVK5K5Y3O4ZIGB6QO7FI,19.744462
27LL4HB2V3JO544NSGQQ7WHV7UCUXPGHKDUYQBXSQD23R3HYN7A5DHUETU,19.744462
S4KFICVAVV7DEROQQCK6CDU4ECEGU7GKGP6QB2N6H75RC6JJ6LZT6A6OTM,19.744462
JMICGR5IZSVMW5UVDGR4WXL7HBLDB4Y4XNGPOQHVVKQD62OYAHKRJDH6IY,19.744462
ACIFT2FI6JMRBWSIH4U4IOETIASOHRX3I4WKADKLEQB2OH3TAJ32IRYEKY,19.744462
3QLOSDULBSQEIAAJFRA2ALK3SHO6XJ3UBMDTE73KZ7NKWUNP7GIR6OVDT4,19.744462
OMLS4OULSRYP4YVNAF56RL27BYGAUMA5MJYTWHNOPZAL4R2JI4AAKRKV5Y,19.744462
ZBU43VYO3IIMOJROEIX6KK3GS2T6YMBAJQ3SDQRMIX2TMSGCZ4Q6WXQ6RY,19.744462
2NVFE2L2NFZKQSFE7NAOBYW37VAC66MQO53OIIHXMBOGTYSA4H3U7OHYKM,19.744462
IPWVIKGPV2QVAY4UIBD2DCLPPJE5W2B7ISYQXA4WR6ILRXT4ACFT4V6WYA,19.744462
BBHQI2YNZPR3AJEED7LE7XATFER4CEQ5F6OXX635RWHW6ZVW7RTK3IVU4Q,36.25
OSASRZ6BE7NY5OQOQOSVV3NRRLKV5NKMPPPGY7P5IJP4FXNHADU6TKJXVQ,39.488925
VMSJERCEXIDICO5MQUZEV6IAI5A577ZXPUCJ4MH44KNJUTETNIGNSIHMBI,39.488925
TQEYJP7ACKRLZEF7JDY2UYPIYVJ6IFABJVBWK65RGCSSIWAX2POZ2ZVIOU,39.488925
UPHSXCIIPEAQTZV5KSVG4AEHX3WWJEPGSBWTI2RDNJ3JBUCF5PIGOEXZDU,59.233388
PH4UC6BJB2XD2REPTF44AZR3IANGWWN37YYUZAVVJ5U3DJ4H2YHNBHSFDM,59.233388
KSMGUNSX2IWGPZUHU5GPLLD7762T3KUKTPQZXCKNTVMSNZNKQ6RA37AYPI,98.722313
27A3ANJ4DR6Y3O7HWB77OYIOW3KKZ42QUHQ3C6OTN53IN64MC3WZEYTJR4,98.722313
JRXEGJ5RSBPD4DIMAL74AGOAKWP3JEDGZRGJWBJYFMFW6W34X3DWB7ELKM,98.722313
OSBUJJTVAW2354WH6AOPUM3IMKUIG6D7MO6BZGEJXYW4L3MOMQY5BXE4VM,98.722313
EW7OF4X4RJ5AYALEOV2MBDQ2FI3RVTRWCRAV7HHSOSTWEGATPUEB3G4XHY,118.466776
WOFJSEQCSH6D2GGTU7AM73TAZHDUUQHA4DF3BMBXEVXOTCUPI3XC4N6UL4,138.211239
SE7WN5BI3X3IOKE2IZDDHD2P766P47SSISPUVEBCAQFTDNHAZRH2JETQGM,138.211239
ISE4QRK6NTZOTUQYHV2KFMI7KOMVSBUY4AWIYITC6V2JWF35L65KLSC67Q,138.211239
2VNT6NPP5ZSCPEATSDMM73QHYEWG4RMOYQSG7C3T7TPNEMKI6D4ECNH7DE,157.955702
E57UO6VL5ADRFKMBRMQ4WYTNMPLIQYECBKL53TNUFDOR75XYFJIOJMKPGI,157.955702
33T2YL5ISLBTTISDYOPHWN3WFR6DJAVQNO3JYZWL7L5JJOFRXXOCAA4X3M,157.955702
GO6QE5RH2ETWMBR2RLSWS2WUTOPI24RLE3QU4KOHFISOWL3DSWCPG6RARY,177.700164
PCYB3KI56AEEKZLNIZTEIIV7HC26QYC7OFITNFL7CWKFKNJAYPVQFMMMSE,177.700164
DD6HRVPATAAHXTA6O6RCBXT2LM63QA5J4RZNP4FYK3IM72RGB3FWEBZUI4,197.444627
Z4JNPPXAE3RUGLIWTRSEKLOZZAMOIWF653NQWUJNAZIK6TPNGVVYSRWBWE,197.444627
G5KN4QLHB4QYG5C2J72UOWYTWHWFGVLE5UJQJV3FX66EBZDUNEIBYJRQBU,217.18909
UNSEHWDF5XV57G46W37M57CWKIKPQWHCDKWXGDRSKN7KCBIPMOCEIKQ2VU,236.933553
V5D3OZCWL4TWDNJDUECIHBMYQHLIZX6LZUX57ICGCBLVDUQ7MM6SPGFAQA,256.678016
LAM4ZLCLOX4PYLPLB6RM3KX4LRTRUAKBMK4IQI4EFNGW5KJAFOXAKERGZY,276.422478
O7TTT4C5IRRPL35EJINSFCD5IZNSJ52UL5PU4RNHFOXMGLK4PC4XW5TUJM,296.166941
36MD7XNPC7N2XSB55YR6WUH43DP2SRWBJ6ZBLMTGNJLDL4PFUL4CPYSI3Q,296.166941
FWNKQIMBKZZ6RVM36N3NF2DJ5CAXSCKGVQ7JJJUDBXTWUEHD3EWCCLIWL4,296.166941
MGARCBKDG25YRLIOUJWM3GDPO7OQ7IEQPGFC75T5FEYMURMABPLGSL5TOE,315.911404
AXBCOAXIMCZHEW5NFMLYNTUPFS7DWV553KS37YZAAMTNTPONENVJW3MOV4,335.655867
YZMBW5STM2KUFKSU3OYQ3CGNE4NIAKZ6OYO7HTVJH4W46465QW4PR4DLKU,375.144792
KLGULEOCWWU2JY7W6K3DSSLJEYDBNQYWZUAT5NEHFFBYOWKDOT63MCOU7Q,434.378181
WJAMZRISXKHB62R6XMB7REAT5PAO7SQHFLGLSJRP62WDR52FR4PBYBQLGA,513.356032
IJO5VJSUDZVSBEU2HZLANKZ7AKUATJJ43H6PYFKVJKHG62NR7P3P73MR34,552.844957
B6U2HFQBZTIXPHDYURJLRVTRGH6BO4Y7I6ZEPKLRZ3GMGMLYSIC3H7N3YI,572.58942
RWEU3KECNU4W2VVWTY4YDP2PKTVPIPO76YQNPEBC3BGKS32TGU254AG5QQ,592.333883
EVWYE75KM6C7BP3KJLOKRR3PK4Y5CIPLLO3KTPDL2QLDLNVTEBUJXL6U6A,592.333883
UOT5SWULGOUAGVUQE75HEMZT3F5ZPP7B2F5NFX53BAHP2TEEKY5BSM64NI,612.078346
5RJ6KHYS2S5XUUWTP4TOE6CVXJYPT3SX6IKHGMNHTXQYS5SISXQ6R5KBGI,631.822808
DJASBA6SCNC5HT463XRDONJ7W44HM4KXK7UB3TOF7ISZONSHG4YVTGTQWE,631.822808
EORGHPHGXR3HWPQHPHN5OG2DMDTICG2T3BCMFN5YIIGSGHA3G2C7CEG7P4,691.056197
AMV5QEZCMW6DBL4F22QZ7EIL2DZ6JLIHMNX2NORU53FTBJA4FZRMZSKSTA,710.800659
UJSXEAALHR3ZB7ZQWPQRHB6KB4KLWIL7TZFFMXLM5OZ7M73O5PFBMY6XQY,710.800659
I5QJTF47RUBRVCJT7CSFBLDOGDCTMNWEYANL43KSL7SVZ6QQUKA2GXOIIY,730.545122
YDT3HRLTDOPMM44LZQB27BFZ4ZZOZ236YWOB6VFXSVZDC323FDCUYAIULU,750.289585
3SAB7JDBFISNUHVQWSO4TAHJPNDK2TE55QVP2Z7TEHDPX4FDSF4T33DSHE,789.778511
3PN5GECBZNX3O6PTXBNBGDGJRLIFDNQ63PADYUP5BD3DPZGTRAIEM5MUUA,789.778511
W3JUFRJ5TO6R4PBEIAV3XSFDP3VEPG6IIF5TW5T4BVPU5HDO5AWYX4ZQQQ,856.1643836
COOU4FUQAC637C6YCWBYOMSPJXCK25UI6PD3RQNHAIQEKOFTQBIFPZ4TVY,856.1643836
JOYFKEUQPTQHVEA6K2ZCOVJGAJ2UOKPFDNUIHQZD42GUL4DCK2KG62AVHQ,856.1643836
OGDHZGFDEYIUKBSLPHHWDQTTLU7LE5UCIDZFIIMRQ25QOYYMKZJ5S4RXJQ,856.1643836
R4WH2FK3BXN2GMCP5RJYVS2OVXVD7YXA7ESTNVLAWJU2TBE6YO5JC5ONAY,856.1643836
LVU2XS3RAKIC5T6LGPRGKQFS67SKMFG47D2OONXC2W67MMNX7M67TQDJPU,856.1643836
5CLMQNJXRVY5YL3ZP4R5I7RS2INAPT5CVNRMQCSUFNTRNIIF3ARYVOTCVU,856.1643836
5QZUTQITGHHGG6EDWG2TD2QLUKSNXGP7WXVNIXG3JBEMWE4HASKSRDBY7M,856.1643836
FD2543MBGWJL5FZW2F43ALGP5NGAWAWDN3A2VJB67YLFHLP5TUKOOXGVIE,856.1643836
H642ZB4CHEXBWWQVGYDNEQTSFP4YI7TO5ZFZXPMP6XVVP5PWBVRMVXT2EY,856.1643836
VOIWW3ZUNNMT5N6NTDFKA6PCMGCQC4SRKILN3EVDGY6RNJ2M5JOS2PQWDM,856.1643836
56G5XOWPNYMNZG5VQWWWIBIRGPCMZ57ZR4XVHSQTVEHU7LV7PHMXXKYAY4,856.1643836
5DKNPFOWFTKLMNJ3GEQIWMGZ44STMR5EU7UL4UHWA635NNSQTGMREDK7KM,856.1643836
5KF4JZP3H2LQBE4ZQF4CMWZ327IPBMCHYBVYDBRVSWGH55ONUMUJIXS4CI,856.1643836
5WVZ7GG4ETHUANFQCMVM6GH5IQR5FBNO33DFT7QUCS7E6MYCZUARIIPQOE,856.1643836
CXCOL25EA5RYBC4JMSQT4FY4GGEHL5HQRC4EKRFNJUEQWAOHVLNKDBQDMM,856.1643836
DDMXDTICI4YETEJO3AG3PJWMUWRSVV5RDD6ZDMOUQXQN5ROGBMVIXQUQIE,856.1643836
DF42H2HS2SGUXGLQZ2AGGYUCRFNXJETCEPTQTXJFS6LKVBQPAKSUJBTSTY,856.1643836
IFSMCMY5QX7PKPUZ5BWB4EAOFCDEOH2RCKBB2JIEUCHCLVJUZMVKODKK34,856.1643836
Q3NNPCER23HS6RWO2HETMQWU42BHAAPTV6QSSK3LFIQVM345UORED43QF4,856.1643836
V67RRKST6RGXUDKDZ772GZW2UXA3NHLPBDX43M2KN2O7A42DNGL7Z7VQCQ,856.1643836
W6KHEQEUIVGKO5F3FD5QHYJE43JTZ4JMFK7JTVWSY3WVD6YOO64QPKJ2HM,856.1643836
ZDAQ7BEBA5ZO3ZIOU2MAUCKOOON753IOIJTIUUOFRQTRWXHLWXFQDZATXI,856.1643836
ZPNABGNJOBNLKPTRIZQUZITUM56W2RZ6GH6OQFY5P4T3TZYVZ2VOFPJ4ZI,856.1643836
2ZGKGFR53ZDYTCUP42TWHZG32ZA7LXYSYFTLN5QM5553AV6KLSLIO7T5DU,856.1643836
4ZGCDQILYYK4MWC4Q36TGSXXN3UAXU7UFOMWQY2SJUHSDF5HS5QI6C4VJA,856.1643836
5IVOEI6YW2QTZC472P2DTXYSBKG455TNMWFBB6ZLWRVGUAABKRR4MOJHIE,856.1643836
67LE6CZSPCZWE2KZPGFJ26NTZE3JPE4PSHTSMIQKE63VZW7Y4JR6MBOECE,856.1643836
6KETSSCMHXW5W2GCTZBGJLB6KKFTXCL26VS22Y3SI3UOXXQTVMMYPOXDXM,856.1643836
6TMOX67IEF52ZHTQJJA4XKF23TE4UZB4XAY2GSPBHZQI7FEWTDYOJHGNWE,856.1643836
AEE4KM7JGX6GF36URAISFXLQ3LROQMJNICMOET6FVWG7INZQRARX7B53SE,856.1643836
BGJKBFZFFIMCMC6L4RW32XC2TQTJ5BLOLK3XKOSKJVPCF5TH4F6R3J6TGU,856.1643836
CM75FJEYQLYLISD3BMKGDLOGGC6533NCCVNOIWGJESTLH6YJ256DETLUBQ,856.1643836
CXHISJ63AFN6WGDJYOKTTECJM24UOPBJHDD2LVAYRXEJSVLG3CVEMVNQ7Y,856.1643836
FQBOAHRBYSCNQRYYDY2CJXM4YJ65J2M4PQME7C7ZMY24SVNU2XFPQSKZY4,856.1643836
GNREHPGO67XMWS7C3VCL7FEONMETMYIDDCO5RBFCTN7IKWXGFTMXL3HOQQ,856.1643836
GO2O3P3H6NFL2M3AXHYH2BYWLOZKPQD4L3M5JGRSMXTNKUFK527MUGBJZA,856.1643836
GRAFKZ4CGWH7FCSEOUMPAWYHXXI4NPYTVZAKY4D7HDTWZWUYJP47UYOTBI,856.1643836
IC7NCJ7D6CRQ5QPAPSOFMXYYHY5NR3CHQPU2DAYMSVJ73IONTETMLNHMLU,856.1643836
O6RCFN53C7BNY54FHT4CYEGXAOMASVZ6VWNEZWP4MXG4TUIVUC3O7BFICU,856.1643836
QAJJWRYIKZNPWEYMU3L4CSOSY22T7BAY72XM2GWHIRF4BHHGS5YG4SNNAA,856.1643836
UXRKPBCGWPPIEF2U645XPP2P7GWOTBU6Z6DHNGURSKLDONQYWABOIDEZBE,856.1643836
VPHDKJIPCSDUSRTIWZZGBRI4GLONQRF4V5ZQ4LJJOUYLBBCY5NSVSQOOXI,856.1643836
VTUCRBSTEE2LRPXBF6PZ6GIM6G5ELINFKE2GB5GJADMQEC7K44UHFPPE2U,856.1643836
WJ66LPJ56AP6VRTTOTB5IVKOR7FZENEJXCBTZP3YZDODVGO7MVK3EEXJ7E,856.1643836
YFYJE7X6C7TCTTT6NK5A34OOZ6KYYTPDDHIEMM6UVPEARTICVD7USLC3FU,856.1643836
2FXHVY4GEQJEBCTPAXAMZJW7RHBKBPAX34GFQCLDLSF5IGXDNDKHQTGY6A,856.1643836
3CCBUFBXC34WTUL3SM7L6WNGLMEO5WJ6Y4R5J4TGH2BOO5PHLJUZB3DKNU,856.1643836
5LSITMKAKHKO3LG5HPJTF5OXYYCYVBNTISAHPSFXLKI34QYJZKA4EHXEDQ,856.1643836
5V5K5X47NB3SKQAR5UDCQ4225EDCQH4PNWSOL3XLRIMV4HHBGGZFF2B34Q,856.1643836
6SLU63LVQ363CS2OCV2IMBP6DC3G2WGXYHJ2PJXQDL67SNJBT4KXD2L5OY,856.1643836
7P3FQG2JBMBRO6TXXHOWTLKOAEYZFFCU5URN4BWWGYOUDMLEVH6Z4KRFCQ,856.1643836
ALXAVFZWQZ77EGJ7XOPLKPUWYKBD3J6RBMNWO7HYJOHJUJW22GPJY4ULXM,856.1643836
AXCBHPLPATJYI67K4EPTTB6FNEM3LZL2L7PQ5NYMGQSNTH76UJUX2XPTRI,856.1643836
BIYHPF4JZNBBNXV2R25XGYF4UR5AXRFY77C4IBSWYDOPMAN55VKPRTWWAI,856.1643836
BZX7225JU4VEQ6QVICMS67DIGSOTTGASJQ4OUYCY35J76YNXFG3YEF7KCI,856.1643836
C55ZUN5NSFCM6IBZCTYEAPBZYQSMXYPNUJU6CV3GKPA7BGSBI6EVCJ4DAA,856.1643836
CAYMEQJVO4IEKX2TGN2CWJL2WGYLCUHD2WROAXNTIBFPGF4I6SJWM3KUAQ,856.1643836
CFJPCVKRWMA3YG2F3JRM2PN3GEDRI3XL73KR3NNOM76EAGRCMBLSEKH7SE,856.1643836
CPFYCBJPPXP4T6OZYTUKOQ56BUTQB7WJRDFOSKT3KEPVNOQ6D5ZHMJTQUE,856.1643836
DDKAJ3RJIUC7SVV36Q6OHCCSVVWEVYD2WV5PBW3BXQCZGIMZO7NZOJK24I,856.1643836
DSBT356FXEKBNADNVPQMVPTDYKVDDNMO6RXMGHGJV3GSCBBY4L4RREABU4,856.1643836
G6KJQLHZLJ6IBYJ5NGYKAM267XU54RJYUYIF3TCQPFHLGK6B3ETKCKZDUY,856.1643836
GODA3JGH2ILW3L6YONNKNVBKWEUIEVZ3O36Q4MK3ZNEEBVOGH44K45LVA4,856.1643836
GZLNLVUUOCBRKC6RM4A2ZEB6NBNQSULHOKKO45EUDIXPZB5OY5I3MBXNKU,856.1643836
H6U7V4ZOWVAZWKPJP4B6KDBD4APJFTVGXI5LSOKMZU5NQQISSYP7CHTQXQ,856.1643836
HOQU4B7IKJ3YV57MZVDATBOEKMIYQLCNWNC3YVXUWB67B5PWGGH5K6SUFQ,856.1643836
HS44KY6ANOKVFTI5T6FTO7KMMAIR4CHI6YVKFKRG5GGBNCRQ2OSSED3JII,856.1643836
IJX7QHNG24M47YR6QI6523OF2GJ77BDOKWQBUCOEEWJMBMIPCBZP25Z4HE,856.1643836
JKY4SY6ZZUYHRVNOMOUMWYZBD6QRJ3X7REY46PS2PDHGQW3MUW3EL2K42U,856.1643836
JVK24E7FQAUBWTEVQVKQ2QITV2LGNCWKW5RC7I4DOP3PXHLZONTIJZA7DI,856.1643836
KR73GL5FOGH63IO67BIKFEBQZR2MIOWAMO5AYOTC2DQR2YWU4WV73F2HRM,856.1643836
LZ2YSNLMJSCBJKEASEM6NRMMV43JPHZBHXDNA464BHIV2CEE565ZIGKHOQ,856.1643836
MCQ46XSLOQFNOTE5ZUNJYS7IYPYRJL332P62DMC25RIXC7AQU54OOTZ7DA,856.1643836
MYMA2SBDBLUUREBJD64XIHLKLKH4YHCZETPHNJQ5AEUVIUPZIAVCSN7SUI,856.1643836
NV27TQB6YXLMOSJUA4GDNDYNBAF6PTZ5UHK53YXAOQSX2CW2Q6ZGQ4OVR4,856.1643836
O5XRFAXJTGSRPIJ64ZEY5NY264SJ43IX7PYIX6YPA6Z5DPPZA2DA6COSKY,856.1643836
OANOY3DQSAV2WSGGUYVA5WLBCNTWC4EHKLJJ3E455PWRRG7COFZBCV4MWE,856.1643836
OPAF2TV7PELWI6H5VUTCTPX2NYBRI4R7ED6I37RHDQCHMAZVRTP45QSOFE,856.1643836
PNWIVAHT7NN75PHW5GICTNTOURI7UDNBSKL6RWQGGMEHCBGMVE5XVZNV34,856.1643836
PUNN47PGQO3OUOBUSGMHPCBQ55N4MDAVF3NRZYBT2YUWUF3UPNAVHCGIPM,856.1643836
RVOQXPV6YEJGBLIROUUPQTITVKSCHKVBGE336YCGGBWH6KBGF5UAQE5GJA,856.1643836
TPNKQ7OKQL4WL4OREN5UIC4OES2CKV5PARFLKRW7MGAQZ5VW3YOZQPMBHE,856.1643836
TQTUB35ZYUAJ2ISRASHGZRUZOKAJZ2I5VGFNKVVQ2OCRF2QOE2OZTLMF5A,856.1643836
VIZUZEENYETXZE3M37STI3KJJHSKAF5LWVUTL5UXW54HOVID7F4TWEQ5ZY,856.1643836
VNXE7DVJSLBZZ4Q6QMPJWH4TK3NGD234X3CZWYWTM57IT3UIICEPCFUFVM,856.1643836
VSTDRJZL2XJ37VKPUFUNZT745T3HYF7ZIRLPSFAMWP7GOBJMIB7NI56HFQ,856.1643836
WADTQXUKOJBTXYIXOF6FKIV6BZ5K5L35OF5PBLLWADKAP6RUKXRB4AH7QQ,856.1643836
WNQXYQU5BU42LGWWMXAYGRWQHCNVNQWWUCHEZ4AIBTXF6NE7UYM3L2ZSPY,856.1643836
YUODLUC2RXSHKN3MRK4WS32F2AEAVQ6BP7CVOZT6O4K56W6ES72ZY4TEZE,856.1643836
ZIL6PZJCDJ4JA6Z5UNT2ELNNIPXMZZOJMSNBN4EOUXOF7JK2GUSYS5WPUI,856.1643836
ZVMJE5NSJUT7VSACQDKBXXW6W2PCWBYAR5O32BEIJMDTKFJIWB74QDWQCE,856.1643836
2KS6DHHL5UUAML6UE6WN3REIH7NQRCKJ4JFZ4RO33AGH6M6XDJENQZTGHQ,856.1643836
2VJBCBV66PQCNJQ52PUGNACPUJ2VJDUFBHOQEP3LGUNMQMSMAXNKWBCV44,856.1643836
37KINBSERCMW7S7N2QZXOD655RZL3VBTU6EIZB5LOLZEUKRRBQ5Q2EGA6U,856.1643836
3COJDBTUW7UNXFY4YPQ5PTFYIT5HE7FUZZSACVHPO7PUIQJV6L2JH7JGLE,856.1643836
3O7AYDGWVKS2F5MQWFJSV7FKHT6BT2LHQEEGI6267TXNOEJSZBAEWH6HJI,856.1643836
4Q2OF5RZT5C5PIXFFJHRBCHQ5ZJ2SG2HFW5V5EDYFKP2LIZLXV5O3XQTWA,856.1643836
4RNCDPDXMSH4SOXDKCCBPSQVVDZNTIJ4I37JPUUE5IHG6VA7XNLFXNY3QQ,856.1643836
5FMBKNEAQPZYJR4QM6MMMZVGAWWKEHM45QGHNVTF64P6532U4YB6SFWVCM,856.1643836
732CMQ3JYDCP62DZ5RONOVO6NPK3U3ESAXUQVJI7XYXK7JOOA2KI4MC26E,856.1643836
73IBAMIJRSIA7KNTQV4JPG2EVAXKDATCGOZ5BZ6ONOY2TXUXVU7XTW77YQ,856.1643836
AOKVAITYK3RGFA3KV7KXNGFDUM5DSRAPOYWJHHFQ6HHLLHZOCQPNIGMYPY,856.1643836
CRSQ4HZZ3VHFEMQUI7ETHX2NRVLKWWKYP7PLTYYJQXIFUUEFBPN2A4L3XY,856.1643836
CTERW6JS2JPDF26NWQY4ZBAIB7F2MH3MC575VKXIFIH2774XCRR5CO3AJI,856.1643836
CW5EHXSORQ4QZTM3EFFI7HT4WKJ6VC3SIJCDQXCWD5SAKGUHH7HDIFJW2U,856.1643836
D3E7AGNC6RAK6B42M4G4MO2I5LGD36IR2IX5ZHNNGYV3KWRPQBYPTF4FDA,856.1643836
DIBWFIVCXI24SE5OQBZ4M57SALT337W4EQRUG3O6VIU3PCWAOAWP2CLMNM,856.1643836
DMPVWN6SXKQOBKUFHS3QLLZGKLSDSSCPVZSOSW2JHCCWKNPTDWYJEDPGQI,856.1643836
EH7YTTY5ENYW5KTLJS6PFCTRM4KUH44V3B4PPNHX5MY6HRSGX3TE3OGWEM,856.1643836
ELFQIFAXHNZ74W5NGU6WH3MIY2TPYZBAKKEUX6URGOW2DMXS7CN7XB7RLE,856.1643836
EUSS46T6I54PIZJKZ6OYLX3AH5WI4AJVQWIZDLWS7E53JDNZYPWZTULYGQ,856.1643836
FNCFQU67HCG7KPTZ46LCTUPANOCCWF4NMWFOVNCXTILYYDZ7BLVDJV5KGU,856.1643836
G43I5LFU4RDK762OFADBTMJ7UHQIA7MWDNAVLRSIFEJNTFIVZ4OSEYHOJA,856.1643836
GBMC4AKGXRVHW55W5KYIGS4EEGRIEX4GRUN6IPUBMCWSWLDGFKUYAAH5II,856.1643836
GEOXO75MN5HYX3DOGUFS5EP54ALJ4YDZHDQB4XW2JPESMLNJQ5ETMSD3OQ,856.1643836
GQKT5KEA744ICCO336Y7TFENJLMCBBAJA6OUS2FODERDFFWBSBRYD7COGU,856.1643836
GUMJRZUP4J4I3LWXKTPSNVTUOQE3NGJZ7WPUH27WSN5KDOY2IBAURVEBXQ,856.1643836
H5SZZHJORNYID764DX7V4JCR2D6AYNITKE6O5USALOIZHDFWEB5FDFJ4ZI,856.1643836
HPTJN7GF7W66KSR5DTB6CDZNHNZWEEQSX6YFNIXM7FF4CYMME6IOMPW32A,856.1643836
IBJBM2RBHYM6XADFFQEJWXIZRHTCUT5NVPR5VXPFYHY7JQZC3AP3R3D7KA,856.1643836
JIXVUYLRPFNDTU6M4FIUFUAGMYRCONJAXYXPJOYK2VNEZTE3WY66ET7QRA,856.1643836
JNFBH52JXQGIRCLCZVHTSEQTD7M5J5LF3JMDCJXXBXN4QOYZV6HN3SFTXE,856.1643836
JUDVQN6CDYCB6OYHYSWC7DJS27XRS7FWHJYKU5KJ5BNQM2WQ2BUUGJKNHE,856.1643836
KIFARWIDJQTRYUL5F574NFDEMVEIGTHWLBX6773M3O24RS6V3LHL6O7YKQ,856.1643836
KL7R73KC64J6VF4AQQ3SW3BJZBBZTS2TJXDTP34TV6FCYORO2O55ZEGEXI,856.1643836
KLT4NEV23SZK7BEQJXV7JUD5IDASEPTGGY747P32ZTZPONNP2UFTZK5JH4,856.1643836
KQXO5FIV35MXE5J2SLXK2VFOQDFPZSN37XZYMYM67CQ3SNAKVRYIB2QRPU,856.1643836
LP2XG7WNTCDOJKTTV5LGW6X5S6QDWPRKSB6AGTTLTOLUTTZ6WB5RLJWJFA,856.1643836
LWHELMH4EMUMDVYVWV5IGITFMLIDQ42QB2ASBTCMM6VU45R4RPI4UXXNBU,856.1643836
M6DRB5O4FNW6ACMHTVRQNISNVWWWMQOAMXUVNL4W3SZGQ26INEVKMHIM5Y,856.1643836
MLZBJASBCPMSY5MF2HTKJALERBKQRG7FUX6TRTYCJTXVUGMA4BD37QL5EQ,856.1643836
MRBVY46XVZDLGUNFLFXKGPIAI63QZB77XAT3NX3HTKO2O5GGCTE2Y4IULQ,856.1643836
MUTN56X3MPLJWR6F5IJ3DR77RKMQZUWIDR4GPXMKT5SWSXZMTO2QHN7RJI,856.1643836
N7KZWMIIGR2QE77HC64A66D5VVL3BIFBGRERYSOEKIFLMVFFATBZ6FYUIQ,856.1643836
OX7N4RN7EXW3UTLHRKFEFSYFNXWJOBGFBOGSW2NUIQ4YCJGNXBS63ZTVDY,856.1643836
Q64UDUXDTKYEDWEWGKHWTU2HEAYGAU3NCXNEQHTNNYHP5QI26TA25DJ45Q,856.1643836
RCPCTR6D733NH2X4ENAVGNEYU6DKJA6VUSBE2NK5RTYYRR46GQYYV2NVYU,856.1643836
RVLASKAYUDCG3UXEFA5SCBFYSUDVLURX5GFUZSJINDQMZT3NSHSFEWA4VU,856.1643836
SWU2KHIJ6PIU4PBVX263WBYZYHFPE2TOUNXLIAG7DFXFKP5XICFG7BH4VU,856.1643836
T4MHVKHLINZ3VJHR6PZDOXBTRRRM4J27BY7U3OFGU3HOJMKIRSMUSB3DYQ,856.1643836
TI3EK7RHKL4X7F2L7UBE25CUKBNJN5OZE77SQLUZ5MOLZFG6RN443AN6LI,856.1643836
TI45TN6QZFQQGKB5EVX7H5H4YW65R2Z5YPCTPMJTQT5CZZGCQT7MULOC7Q,856.1643836
UYN332CM6YTIPCT3PRHT52CYILSZLLNI2XJ6XIJYNDQE22PNPPXKSK4POE,856.1643836
VFR4XCDMAXMDL2EPK5E6XSQOETSXVD5EKIIDNWFWVNMRPC6G4LGH6AKSHY,856.1643836
VM6KDTNBUD5TN3UNZKWT54XJFPUH7GOF4EB4L3U57UGKZJ3YERY3QF3PAE,856.1643836
W2E6MQDATJETGDFWERCZXGA4VB6HEOO2HSKUFI6VACINYU2ZLNTLQQQR3Y,856.1643836
XAFITVEYRC475CMIFAMGA76SO3MLYTKYEFB5HD5MPQUYJRE35CQMF43HWU,856.1643836
XEHMNHGXT34WHO4OIWBNKRC4MCXFWIANSVH5M5RJEJYH3IVN7ONJSZX3MA,856.1643836
XQHYQ2MKEEYVDP5SGHIVBLBDRHZY5ZFZBSMS2RXWKTLFZDRKGDQXTAFFSM,856.1643836
Y2YQVOYJF2PYR3HS3YDHUJMLYXMHH5JD4OAJKX7PRSRQOHXBO5J5KL3CCA,856.1643836
YA3D5GA7MJ4FG4RJAP2IRLB3YV35QU77ECTE73YFCWWK2ODIZRW3STJZ3E,856.1643836
YLMKUVOSD23HQHQRGFX3I4A4ALKXFNM4QF2ARUVFX4I3DUP2CYSIBCLVBE,856.1643836
YMZWEH2DL2L6KCNMJGAUUUZTQRY6MGKYJYWTUA4BXSAAV3O4DGXXMOFLGQ,856.1643836
YR2TQBA7JT4WEAQZQZXCVGCZGPYW7MC2O5XQOZG2V7FZ7ZY46KAQSSOA2E,856.1643836
23RS3LUWZDFNXPLA46UNTYNOXVBGJR4EXV74ZIAFPCEX3J5CDLPHPAV3T4,856.1643836
2FK5CPYRC7MPOWV7LVQHF5E2V2IQWBZDIYCPUSCRQO7WGH2COTTX5WT3FU,856.1643836
2RICQIVRLSDGMBCJC467QNGIJ3VRSMDQHOS6GVJCMDW3XG6CB2S6KPLZRY,856.1643836
2ZZLUZY4UMGJUIML2RTBCRB7YBRB2E7KMF27FHZXYAFVFGSLCPU5AWHYYY,856.1643836
3GVYCZS2I6RLRFANJQ2VG6MJD7HEAPTPPMZWWRS74YLNMTCZXDYIYEKIAU,856.1643836
43YVIKP3FTMACLR7SVDZ4CHDRMA63SUIQLBGCDP3IAAKNWFKADKVHXJKAY,856.1643836
47JYV3U3GNYSGC5COGCFLSWM7PIJIMMBEUR6QVRZUTRJVHVIHJ7BM4Z2WI,856.1643836
4P6ZAQ3EWT2W3UZMIESPDUYJAFFAMYOQ3K2PVTSAF6VF224MQ7C2F45GM4,856.1643836
4SSL4WDETS3IW7BZDPUVV7ODLMKMIEWP4UHX4E6FC77GYZW4M2D7WH46AQ,856.1643836
4TJSYC3C7NA56B33LGB7WW4RSI5TYPAFPDGVIRCS7R32YLGOIIRM54V6S4,856.1643836
4VOGIGQUXTMJ7JTJHE6BNELZVJFSYR5NMBOEKLSLC2O54KXF7WOHJPI6PM,856.1643836
53BHUCOPTCJMIHI5MTT7C4LSQZZC2O4WUAD5YURWHB27CN2ECGZI267FPM,856.1643836
5CHHBRKELRELGQUZK3T5WEF7A3WS2EBNOHSCYWQGLM66CWLN4JMM6GJONU,856.1643836
5LBWMJOSM3OIODBDXWFYABAVL3UQP54FDIE3CF46LWIF2GGVCENE7JKO7Y,856.1643836
5LSZPDKXESSZGMF4AROOK3GYP5PBCZZ7GPPEZF4ZAI2WVJ3VTEVHWSZIRY,856.1643836
5PNAXLLOPYNERCA6GE5KPIUGJLM6MEFNMUN3DYAOWBSZ4PKOKWLMZBDKQM,856.1643836
642JF7FVAICV2SRIQ4CPJQ2RFQKN555XG6M3T27334N2FPRW5P3RIDTJNA,856.1643836
64LFZKLVKAREUS6Z7J7EWKHJMCXFS6BELAMC6MGPH5CJFAMBBHRWIAD7ZI,856.1643836
66QUJH2BSMKA6D5DJSE4IH4AFF2TPFJLDDMUWGMQCFJT5G2NS4SPHTFSLY,856.1643836
72ALB6WQHG6OZ32CYH5IKKUXW5XKCWET4JE2GECRWGHU2PLUEHOYULN7PI,856.1643836
76VH7CKVRSWUAPDKI4PWHPYOSWN2W2OQ72MZQDAZMB3RXMKQ7OV6I26KVA,856.1643836
7ZBVJ7TVIU37ITURSXVBNTT6GK6ZWA7FYDE5JJSKCU5MIPBTUHPZBOBPDY,856.1643836
A4IIBZMOA3X2Q43PCONTQMSHJQBBJNRXIQZ7FUIRR76EELQYEYKOKMGJZI,856.1643836
AY5ICQYL5ZTXQO452P4BO2U2AO7A2YRVCP53WI5HPWGCSY7U3DODHIIOJ4,856.1643836
AYF3WDI2BDTW4LO2BRUZS76BXHAWHLZ7HBSNYXLJQGC2NUOP6B2OAGLIEQ,856.1643836
BIPZW4H4SPLWNIDWGMGUJDCGPHTX4377HCMLRKNGBEP2XKP5U63YAE5RLA,856.1643836
BP6WIQOOWQBHR3JJCYKLMU45SJQNM5G6XRKPZSQGWMSSLPTZTRZZ62BN7U,856.1643836
BZSZGHMAFQLRWCOFQSMWQRAIFXGR6IKLTU7WNGOLEYRJTQWUEWERIKV5QY,856.1643836
CAGIBPCW6VGOU4OOGD3LYNMAMAWKWXVHOEGY3E2GA66ALN7RVBVOJLOIH4,856.1643836
CCZEKZ32WP2WU3CF3PIPXD5OJAJLXOJNLR22VXHV3EEXUVW22GXILLHIZI,856.1643836
CGK5MMHCEYVU47IXEGYQGGQYWYDIFPKML2IG2PVD2VIF4HV4BOFYUQUNWI,856.1643836
CJ5EAX5D3MO3TR37BIBF45VMZSW4HCPE7CGNN4PQ2KDUOL34PLTLXYTWH4,856.1643836
CLJXCE5LPH6TTPKTIWX2QRCDNRRCGYSAIOI7S7SXMAWXDCEVXQRWQSUKMM,856.1643836
D7JEBOEWSLQHVFMP3C3J2HEX7MIETGPIS3FMVPKICMA6OYDJFTSUFJBBNE,856.1643836
DUKKLXIO2MRMFDL37CWZNAZ4HEOSLWJ2V2CAGRGKZWJJBYKIKTHD3SLLQA,856.1643836
E3XUKDBVSGCRVQYBJZIVMPXRGPHVM7B6YY4OZG5N7DRUIPEXZ4XO4TRK34,856.1643836
E47T2CGJGEUHUFF5UPAQSGMOKENRUEB74DBREI3MCVST7ZVHAWCQY353AQ,856.1643836
F7STFGJYLGWWG5HCIDBU75YKJWWN5PHZIZ6QSKISN4G5RHQV3KPBE77LPY,856.1643836
G2OYAUKAEINBZ4YHUDYDDARZY3PXE7TBHN37ACIXHUPVIYWRHALO2I326E,856.1643836
GASWWFAPOTFFT4VIAPDYFEV76H23OBFGSPIOP7IMG444W4AIASTNKIAGAI,856.1643836
GAUWTPBUX7IA4AZRNCHQV6OVWUXN55E6Q2WQD2RPNDWWOARE63YTREQSQU,856.1643836
GCCFCRRJADPXKKCXELWF6S5O5W7K7JFVXBQNSHB4LPMUETZT653ZHMNUWU,856.1643836
GCU3VMU5Q7URDKZCN2E7B5IIRMI3RWBBRQ2P6W4FKA5UFRDOBVWX3D2JVY,856.1643836
GJZBG2C7TNOEFOYSVJBWOVVBAH2LCWOVLZ3UB5BOVOWBXTWL6POTCLROJE,856.1643836
HMRVWBJLBDAKWOJEFSTCGSCAT7XBJFIKTHR6RPXGWDGYPZRMRBUNJ52HWE,856.1643836
I2HKDLJW2VZ7LV7ILAHDUSJF6ESULUHX3AHSQITEYBXYR7VY4CVM7JMUIA,856.1643836
I3EOOYF47QTFPE5ZAER22RDA5V53F5JTA5P57XLS5RFLO6X5D5GFZBZBAM,856.1643836
IA2ND6GQ3OQSKYRWIM6QJFLAGT7X7KYIQ37LLLVHY3GIVPIZ42BLT4NMRU,856.1643836
ICV3S3BLZRPGE3LMJARV3AH7JQD23EXPHVZIOCXWHQKILNG5RPPHPWBMLU,856.1643836
IDVI6W3JXRAW3KFEJOJMGEFKCEZRPTJMWA22NAI3Z3LWOWINBYGW62I5I4,856.1643836
ITYMGXM33665CPA5GQSA4NL63ZIQC4GGGRMOEQKUJJRDURPTF4Z24ZVDIU,856.1643836
J6B7GHEBMRV3WH6JU7FGI4H75QKMCIGCRD43FLI73HNWVPGW6BRP4PQBPM,856.1643836
JOOBBMDDI2CGYF2WN56XBDQXL6FIA7MJEZNRKHIQ3KYAKYNNCLMDRNR2HI,856.1643836
JYI4CXX32QXYPS5EM6BGM3TG3VDEX7JOZFME6BLJSUZWNB3WVPX724CWDI,856.1643836
JYQAK4WNEFBYSUU2CZPEJ3AE32E7AAH2CPUYG3Y3SXZ5KLNY2PVKQCRDEU,856.1643836
K7G72764CILCWF3SBATVYU7R5GJ6DVJI4RARB2VG2O5MAF2VY6FZSDVK3Q,856.1643836
K7Z474EFDLTARIMQCUE3WZH5EZUIEH6SVILTSUEWRFID43PPDZGYUKF2SY,856.1643836
KSEILCA4H4Y75TUOBMAVOM3GSNGGKYCKHAXSR7I7EYHX2DYY5XVVDHOWDQ,856.1643836
L2LLBMEKCHZ6WCOW7I3GAYSRO2N7EBNFE43QSQDWKPXPDVQBXBXSNNDOIA,856.1643836
LGPJTQ347MFOEOPCR3QJ5ZXZ3UMSQHJTPIC4WNHAH62KSEJZHOUCGUYGTU,856.1643836
LRGRPGLRBSLNOG4MZERXVKEMZ4XKGTOBPQTV2BNVTF6JWRIKXTQRXZOMGI,856.1643836
LVIQ6YM6OPAVA77AZNLAXVDX566QDJKRKIEIBXIHDCRK7LSJC3HIGBGHQA,856.1643836
LVY4XRGB34RR26YPQAGFRZOGRYLZQRPWDG6PK7PQPC7TGZU3CZ54ENNRRA,856.1643836
LZ3ZEFS375LDX7AG5NBPV24MXEBZ4AXZWRBVZCQOVRHXYGP2LJ7N6GWROU,856.1643836
MCVGTFNOMM4R5VJ2FDMVI7A5WGITFBIQZZHLAQH4Z3XTQF7LWG3ELJ3ILA,856.1643836
MZQ5Z7OQZNDWRK3IJQQFQT56SHVNXPUFX3BHBIRXNSXW2PDHJS7RBROWFQ,856.1643836
N5HJ4XWFOHLKP72P2S34HA4A23233JPDEIRTJN2QELWV2TVI5V5CYEVTAM,856.1643836
NF2JFSS66HO2XIUVXPV2UF7ORORJAT5HRPGHAWTLPVGKLDIPITSBD35MQQ,856.1643836
NIP3IOR4OLSJU6YS6VT4ITQVBIRLG4PCW7SYDOALJNZMAVHILAMPU6GXY4,856.1643836
NZNGVZTS26P3XHCLVXH7BDYRIDX5LYIEHJUB3ZP6K5FSHP6LB6RU7V3JA4,856.1643836
O4T4HR4CDYVZ7A22WEE22PMBKURP4M3V6L4OGQKPP6KSWKPYSE4LPBWGT4,856.1643836
OI35PSGHFAVHFPCKFOAJBIUWMFP2NT4VJANODNYKHRG6OEZMZ767ZXJX4I,856.1643836
ONMUBOAOH3HTAQ7NP645WGYZAV2SKGW4BCS4Y5O5ANV5TDEUBTHJ3WGAUA,856.1643836
ORKHF23L5BLXQG5NNB4T2LWICUL5VJOZTYIPFNE4PY6UOPDWFA7YVARHVU,856.1643836
OU4MVADPZB5LGG6VOR2CITGTCW763LARWJCI4QA5LGQRQUK33SOXBZIASQ,856.1643836
OVZJWQUKKU5YK3GGE2AZ5Y655KNURYUMZZOSB324UOVJRDGGFM2NFOGITQ,856.1643836
PABM56SF5GT4PO7HZTMI4AGEXJ2PVWDPOJXD5V4MYJESFDNJSFJBVFMF24,856.1643836
PFR3W4WCK5UUE4Y7DTIOEVKSS3IPUKVWK7QEITPRFNGWGPB6NC5UGQYGB4,856.1643836
PHQT5ZTMUFHNKM7CFN74YZ2QOTFWSCYUW636JQYYIGGICDSWQHV7KA7VCY,856.1643836
PJRBOCFKZ2HGA3S4KK23STIBYME62A3OOWKLYHHANTLP66ZQWKBXSV4OKA,856.1643836
PLAAO6XHMRFCO5NUPX77DPX3WDMFKEFCYTX6JWEDERL26GL5RUKUWOHV6M,856.1643836
PLCU6BXNBVKHVAXTLZHHQGKNOV2X6TVCN5VZLLOQXVDFHMIBC2OZ46TAWM,856.1643836
POPOO6QSUX2UTF4XCRY7WHHLSQTRDRTYIE7YW2DQ2KPGLQRAA7ZTCGLET4,856.1643836
QMBH5WBCCIVO4JIKUWTWFOMJ4UO4G5YBT6LKTS3ORHCZHAYDK3545DTS54,856.1643836
QNGA7RSXJSMI67RPZ53AUGSCQOODTIGNEJ3IXPISHRKTIISALWH5VZR65I,856.1643836
QRK6CD6M7LR7WPLXFNJGICNYOWICHOFW3HH3A5WCJSYEOSFLDLS2FGZ35A,856.1643836
R4EKYD4SV6GE3BL46ISDQ6ESTEP2III5U6WOEO5IGXPBGNEMNZMIAZSIKI,856.1643836
RCVWTR2RSI3KNWHK5CPVEFYIMMSK6DVDZ2YYOMYSOZZYYEP3IMHSEPNCSA,856.1643836
S4HNVCPZJLTZ5AQWLH3ZTLXMPPSKRCVA5WSYFAYXOSOBFFG7HJYROWL364,856.1643836
SDAYJNE5NP37FLTNKLTWIO3PKEVFRZ4D72COZDLTBCTESJH3TQRLSU3H4E,856.1643836
SI5CRWYHLZQUWYS6OLYV4C7TGKPTCSJDOKAUOR7RRT3ZVNMZYNK7TJFKGQ,856.1643836
SOJOI6TMFBZN5GILOR3ZVSWTSALVWMLYOFKIS5V4XASI2V7FULWZ42ETKU,856.1643836
SRRLVJFCHZALDKZXEUQSZ2NX442K5LNAATPZSTLEPGXWFVW6X6H4MKKCIE,856.1643836
SS6KODUHQWCYKOJRCPUXOOOE2J36GSXB35MIT6Y5SGZ6CLESUOENDG3N6A,856.1643836
T6WILG5AOBKRYDMNGUEIGXUNH3AI5SS4F4QQNOF6557JUDTFZNEKH752DI,856.1643836
TBG5XVTMI3MNIIEQEZNQGWHW7O4WUJ4AQJBDQVKUBEYHJPQO7YFIBBFNKM,856.1643836
TYEZKYEDFYIPNUZIOVJKKMZ676XXD4ZJEOBCWKVROIIB42LT5ZD7JRIXAQ,856.1643836
UEPAMPFUUUWHDU4HQ27FQ63AXHBBRA2J63HPSCTNNSTCSENFPCDOJLKMJM,856.1643836
UQQGY7IMS6QEFEW6KJRAAW7QB4XJNXQHXFOUUS5BFO42EBLJKNE5HDVWNE,856.1643836
VBRSGFALT5X6PSA5FIEJMSSYWQP3DJRDWH7ZZZZBJJQBONIALFQDBQDOGI,856.1643836
VDIG2TGAH337GHGTRNM5FOF6UQFQMWARRHJBHS5XDM34K243ACSYWAYN3M,856.1643836
VYEGU7PSHABKTA6XAEH44OFTYI4IXR4NNUEMJIBPDYX4VPBX6R2PKGS5LQ,856.1643836
WFAPVMXT46V3HB4FRYO4TARRL24EZXKFTKTKQNDTJQSGICBR2CKLPNVQQM,856.1643836
WKWTA56MFD4EN6DEXVQMHLRMTUZODFWAMJRO4FFQ7E2AUZUPQ2FSHG277I,856.1643836
WTFAAJATTQ53ZGUAV3Y2GVVAJVTYSCNTKHQCNSCYJ5IUUV45PIWGYTPWOE,856.1643836
X244AXTCAUSWFLGL3ZJG4PBDKVOLDGE7IUEODIYKASAVV5UTI3BTVBXJWI,856.1643836
X6RULNCHG76HAHHOIMOVX5VO2VSGHEUEWKAQCJNVCKLDJZ5F5EK57YCDEY,856.1643836
XCVLOA6QE7R26EY7PPAOP4HQPTL372ZSDTY5METXGXHWFBNKQDQXHWHA7A,856.1643836
XM4ZODSANMIBBY6P6QJO65BCRLNTFTLMLI7UTDO7OLS4N2ABB72WJXI3NE,856.1643836
XVSURQ7DAJPKW2ZEQQFB5LXMPDN55QOO3SUH4U7MUH6P5MCYM3NJNNWN4Y,856.1643836
YGMYY4WIMSIT22XCAQF3TD7DMTCBNZQR7SLO2HN53ZN6K62TKSK2SDXNLE,856.1643836
YH75GFXZCMTXYEPP7XRWMAPX7S52IXAODP2LAL4HPWTBB4GBXBSEZZNQVU,856.1643836
YQYBXKDJBM5K6RPARKNBFELSEDDOUPEELVGZ3WJT4E5NCDPNALZBCA3G4E,856.1643836
Z3XPOU4UGL5JM43MWLWEXK5VASY6PANJ6UKVY6FT34DSJZUPC64TGELNSY,856.1643836
ZPDGXDMBLA7OPTZXLRZ6DG4WOCG7DAPTJKI45IUUHLYJL7X7SHOE7AO6MU,856.1643836
ZRZ3WIJ3YARD5IBWKWG3I5ZHUKUZMH23YZX6KDXVZXNFHAPQ677GNPPHTE,856.1643836
ZZ46XDFSDU4C5PLROKWFOUNAGPAA6MB3TSKXHFGY46KQER3PSYW5B2IA44,856.1643836
2EG7ZGCAGMS7YZOSAT4VL7SVNEQEIX4PJICHYFHYXFFWVL3N4VNMYJKDRI,856.1643836
2FBWWVK4PDCWHXV2NDCHWRGIH7UY35NNGMWPLDEOGKS2UBGBSMT2U3GPXY,856.1643836
2I3QNL6HUDLKNAOGBG4E5FYPN4UWX2ZKMAMDJ3PT4GPOJ2DEA3DMZCYDOU,856.1643836
2MJPEQ7OPEBTOU2JKREKWO63MWUALSTP4BRLALPJ2QXD5N4MXBS7QEVUHY,856.1643836
34EQRSDTULHNKGDA67SLY6NTUYS3Z4UYEQXSJWAWXFXVJQWPZGD7XSLI3Y,856.1643836
3H36BD4JN3SO4VXIDL7IXDMLMUGXK3RFMKZNHHI6UEQP6VZM6UE2BON4JU,856.1643836
3JUU4ECRFTZCHLKUOGSFXZK7JVDWKBNRF5DQDPQEWKLOMZJAGQJ6245TE4,856.1643836
3LUGY3WK73D24JZWI2LMVBDWPGK3KM6RA7EZBIVG4WUBHSS2UOTKPECUUI,856.1643836
3XD65I4QFJPUTIM46KDERGCS2XZCJZ65FCAOVPA57NVF6H7I7YMKOWG6UM,856.1643836
3XLCUZ7SOUSDZ2MOSZSH445M2GMD6PKDLZYVDBWUGOKK67RFTCGANIUPFM,856.1643836
3XSKIWYKPOXSP3CS7KE7HXYN7H7D74TJMPYYI4QNUAJ77ZAYY7KP3IBUEU,856.1643836
3ZJJ56GQ7WKIGFTCMZQ6RSQMI5CO3UQMDDUUT6C7HAXKX3W4NPVAER3FIY,856.1643836
43S3YGRB73HUX26LNTI3KROF24M2CGLLNHPO3ABNGUA7PNVQJ5TI6U3264,856.1643836
47GNE4HVPKELPE47GPEUSBJ2F2AJJSLPRA3IEXBU7EWM2JAMEZW7BM5QNI,856.1643836
4AY3S2LAOW5TGDRCB74ZRKFJYDV6WMEYWZ5JPSNNZNJDL73VTZHNCH4M3I,856.1643836
4CWUYXTHO4KARECPYLUNF2QZTZTNFQ3MOV46PKXYQ7RX3BNNR76XF6F4Y4,856.1643836
4IK2PP2SGDHXXEJRG3IQCCYIHQQZA72NHKMKVNCXAAJPNOWO3UTDFZLZBQ,856.1643836
4OACJKY2GG7JYL3QOALMPAJQ643U3AXCR2AWARGL7EX3BOVKPNZW7SOFBE,856.1643836
5DXAMYPW5UP3N44GMUVBASI4HN7ZF6R4FPOGH4S4BGWA3KJCPZRTZDKDAI,856.1643836
5KO3YI4NF3VLF5WVMI5HG5I4XY2SM7NPAA2NKTU4SQJFIPBPOIUX5ZE7MI,856.1643836
5UD66TOXYWBUGTF3RECYHS723QC7NMHGAXBAVFWTZPIEBTDNHOLGTCHWFI,856.1643836
6G7SOYVKKVG4BFK25F4GC6JV2RCLPOBMFCHC3L6XF6SDN7XHYRMDPVGCXE,856.1643836
75TACLNFZ5PWCXFLHQUHGWGNWAGVJW26KFMBBXQHNSAL2PS57OIKKOUVHQ,856.1643836
76T6HQBPGCDN6DQHRXTYSERQBNNBSWPUABPKTDF7YGGKLP2YTFPF2O2EAY,856.1643836
7KET72UXEQH6ZU3TQEC64ZKKWKP6L3KLBQPASZM323GN6TL4H4FHXXNWUE,856.1643836
7XESCY64UTSMNQP3Y37YMLNK4ANXJNBSEGLICNQE46ECIGUXLD33BE2ZJY,856.1643836
A2WREHPFJVWDSEY7ZNQR5JSBFIOYJ6RL7KUC7VYWBZF4B4O5PIEW5FHRJE,856.1643836
ADRYUJ2HNQQWS65DMPPIQD6OXX5KC4FTLYGTP5FOERUBAHUUSURKTAEOVY,856.1643836
AEO3RENDRVIPCDV4MLWQFLPXE25RER6SLHMALI72BHJZP6JVWOPI33VLVA,856.1643836
AJKNM566GRXVDZ2BNEGIDNK3CXYKOZG3DRZGSPVW746GBF7M45CKLPWKII,856.1643836
ANPFEL2YF6JGRUCWG6M4WAABI3TU5EDHGLH2AOHYIS5HHAV7LNAUBXCLUM,856.1643836
AS2ZP6XDDMXDEHUMYR4VT7ECTC3KOPSIQU644VS4WA5I2UFQA6CRYCEA5E,856.1643836
AW65CF4UGIJPKRZ7KBHBOQMDJLVVYWAZ3EQ4QZVJHC4GM4GD3HAVWHWXP4,856.1643836
AWVAUTRDRPTKULXFLJK7VK7XGGPNOQO4ND7S6WBJTBICFLSHJZTW4IKXHE,856.1643836
B4KVTR4TXSNA5OHYMNSYG4JML3FNEOTSZFTDU5UG3T4LTH7HCS2J5ZTSDE,856.1643836
BHRVSVEW4Q5TETYW6FFTTOHO3KT2XAFLXR6S2HANORBSQLESYGYSWAXRAE,856.1643836
BN64DUYK7BOMPAQBPPQWPJV5LWQZ7ZQ7PKEOVVI4YBDGYL6R3FHHDXCCEE,856.1643836
BNLFRJEWLW7BLSAKIAJTDNNORXQKNFTFH6HE7Q3BZ4C7SX652QZE67EWBI,856.1643836
C4OKJPVOBDM3IKFMUITEGR6VSYEIANSATMTEFWEPPTBL74KGLADNDWOZLA,856.1643836
CBW3WUDYQOCTQG2TXE22JKZFEIPFQ4YIGDAORPKT2L7THTYF2Q5IPK4GWU,856.1643836
CH6UXSEYWZW2YPXM6EIHY2M4TGEALCYDF7WSKWOO5PJ4PN6CYYTTEZ3IVY,856.1643836
CWJFPZ2QEQMGHVTRRN7TNHH6VGNWIAGGHI2RJ6HGBSFIL5ADK7CHBEOXTM,856.1643836
DDBLAJHBWLSD26YRI2KLMDVGEZTRKBELJ7UACS7CF25OBHECTSEVYJCP2U,856.1643836
DDEMIVZVJVJKEPJAIFFJPHTEDY24TPMFX374NGHSY6DNF6D7JV56IHVOIA,856.1643836
DH3DTWUUACMLSZLIPBL2UDSND26FAQCN6WPJTRZJ3EUZY46DOHEAFNKWS4,856.1643836
DPIIXZUTVKLET5HBKMNJBLNZTTLZAZJ6DESHLYQVW7PRH46Y2ZIAGSJ2M4,856.1643836
E5BWP2RD44T257IAXPGATBR5INQJJEVVU4526NIZB2EIFIGK2FXNSGT4YU,856.1643836
E5Q5MCDO6W7L5Y4W2TBUTYOXV74ZK3V4SDLTHCNJBGVUAB6PFIGGMHDZLM,856.1643836
EOU4G4HICY372QKKTVFOQAA3Y65KG5OZTXGYVTZY4VD6GC6VZZHQ5OJQ6M,856.1643836
ET2YJQNQ7PUNMNIGZATJ44JAML7IPZTV3DQ44CXLM74RRH4ISONQI36WEY,856.1643836
F5XRP2ZFVHEKRRA25I4VQWCSLUXJIMEWIY2FOOFERO73CVRCD5BQT6WRJU,856.1643836
F6X5OJBVQQAEMZYBAPIQPMTU5DN6PZMTY7V2H2IHR2B3DR2ITPYNPSVJ6A,856.1643836
FCFBCAOHFMKZXU2EQMSWQ73MDCC6EBC332FWN2WPYCCGV3QTNQ2BN4LKGA,856.1643836
FCHCDBHBHKIFR4BLRSYDLVXEFMLBWONKSO6K5ZCBV2I3HUH2R3KSJ6V7TM,856.1643836
FEA4DP5NRKV4EEVXPIQI6DN4KADASCGP4DXIWIYNGFDTNCGPSXTFDGISTA,856.1643836
FETGJ6J7UX3CRCGGCJDVIZD6KIID4UOSAVNKQEI4TYATX5TCJ7SMMSAC44,856.1643836
FFEYHHITHSAEJFFLNJSBREPJGU46H2SWI65ZB24KIWLP7QB7F5VTMBKL7M,856.1643836
FI3L4L74OTF6TM2BBSNNXOT43EJV5GXUV5ZMOB7MWHIX63PLOEV4ELGKLQ,856.1643836
FTAZFVUTJOX6SHBOZYLSPUBUKJ3A3ZMHAYQFZRMCIIYA27R2ZKB5CMC5UI,856.1643836
FUB3HLZRMGBL3OYWBVHBBAROWPSKNT7NVKOAIWB3ZT2DZLXV7FED67L3JY,856.1643836
GBH53PYZFUS6VT3DIDMP7AIFK2EV3ACL4EM2R7MPJZ2PWR7LC7CXJTBNHA,856.1643836
GPLIF722JYTMGLQSRBYFTKH6FNG3KFGAJRW23QU2FXZ7QCBN5BXVPLJTPQ,856.1643836
GVUJ2FRWHS54AL7LFDPASXZETDEYJSZUQLGD3ZCHG63YH3KWXMVS67IYXE,856.1643836
GY4VMQOGM2SD6Q2KMU6RYA2VGQ3AJXH23X5PQIFP4ASQT4KLVCL5MQLIY4,856.1643836
HBRAQIO2KL5IIIDEGIKPYKX75J56P245R3NJDLJNTJVG3B7U74RHEIZ7VU,856.1643836
HHTOZYE7R3WB2NBJWS2JDIIRFZAAJWYI5AGOJCQ6TU5CSQR5L3RMTNABXU,856.1643836
HNV6GCD6WZHEVUAKXXSNHVSIEHPRUHXPIJ2H62WMWKQ3V5RDLATZMYXUXM,856.1643836
HPLNXFXKF3XE42YHBFC7VIEXUZRWOIQLVQYF2UYS6YECSOTGS7BOFPQRD4,856.1643836
HVEFG4LF7WFIVE6ETDPOQ3QBCAB63EFFXPSF4GKR7UMB37YGPRZLSYQLM4,856.1643836
HWLNRAUWPVKGHL6W5QW3UURD2PIOLPKRPUJNVQ4GFHNQM4WWVRUUIGVBLA,856.1643836
IGC433WNZ5SXNK6PN2WHHMLZVRRXZ5AYQGHVFEE354PB2GES3IOFL2AI6Y,856.1643836
IITEWKELRQFB6VCIH4RQ6J6WEMSLPLWP4QZIB4FLJOFQ66PFP2QQ3SZNPI,856.1643836
IKBA63OLIONTVSA2LXQCPIV7BHCEDWMIHTOIVAZJBALYVBHQD6SGZ6HI4A,856.1643836
J6L2UVTS6ZI43ZFA567FBXLLLTC2MR6EYE75BYUZX26VDZT756K7TLKPAQ,856.1643836
JAV2BRCLCO3G2EXHMIM7XQ3ILXTGMERUAGDKZZL6GH5AT3O5UJ65LK37PU,856.1643836
JIK4IMTD2PATJ62MPYNWWLWW32ZIDRDJOSVBQOE5TER2OBFZNOQVP4COUE,856.1643836
JU36IGTFTZRJMHCCGQRAQTHQETVTTDUTXGHUIS3QILSNP44IOFS7SX3TZI,856.1643836
KHIUB4LVX4SGEQ26APNBOA22PPBYT35MT42ANITBAWGVCMB2VYG4OGYGRE,856.1643836
KN7GPWZKDA7XM2GN2SYQWFLFBYY67E4ZMBXAW5FEXQ3WKZ3LXGBHCNOEQY,856.1643836
KQSGM2T2RO45NABKO6J7OZJXP2KWOENILIODDSIHZGI7AWMY6N4OHL7BCU,856.1643836
KQSVJQ7RV3KC4MD4AUECXOGOYN5D46NNFACYRNWN5CLVJTO7MO2XENP4YQ,856.1643836
KUNLFEIZM4DIQALHP47XCQIFBMNUFXK2QJOAKQR5H22I4BRKIH7UTBXADE,856.1643836
L4GZPJTVLTOUBYPZVG42IJASQM5SOWCZHZ27KSWKJFPUKKESGEKOADJUEY,856.1643836
LOBHHHEMCDOIPUDR3LJPYTTPLFWIABJRTXGB5W6I3DFSBGLSAO4R6GPELQ,856.1643836
LVDOKMWOSEIXVCOONSVMO7X6XWGZH37SJGHW466DIKSWMT3UVXO7NDPCPQ,856.1643836
M3SWWMYVIRJCQAVVVCVGDZSJRUBKVP3IWTS7RGZPJJBTQCEDDOGCO6JPUQ,856.1643836
M5R6SSI65WJZCYJ73KBNEGHUEORHNQKOW2C7EGXZJCY36C3KVPFIXWR6A4,856.1643836
MJHDBACVBNZX5YLPV2DNWEDZCDJDHSVKXQXP3GR54K6ZIB54QTDOXQGUNI,856.1643836
ML56O52BOOKDW2HLZPZFKP7HABEIQRX5QIV67GJFPDIHPWZK75EPS4YB4I,856.1643836
MRBEANELODCUSKAAADO6DEPWPRZRLSKDEORXSFDPFPNUSQURYHTNLXC4L4,856.1643836
MRNU67IXMKTXRM52WYP7O353ZRVDBAQRI2W5JQRTAO23OHKQF3RPVBQLQE,856.1643836
MUTS5EI5IYSNNM2QDLNPBJ2NNRSRRMUC4S6OTCXM3JZMHUAJOSJT6YUKRA,856.1643836
MY6WABFVWS23YHEO2BAIOOCI4K7LQCG4B2PSFKDROPXLZFHBJMZUGPGNYM,856.1643836
N5BIWN2BAW2CNU7H2RTUVTESBH4ERIFMTHBWRTLI42TPX2HWWKICE7TZ4Q,856.1643836
NFRLSFKRXBNL6SFQJIOUXK63GOOAPENSIHYIZO3CYRVBG5PMSK6S3G4GCE,856.1643836
NIBJ6F6B5JTISWX5VOHMTKHDJE3OY6KZIP4EURVIQZFM5DJ35ATMZN6HKU,856.1643836
O4PC4RNKUCMHIJAX2ADT34JCR6GZQUFNWIMZQXQDVW74JNMKPQF5BG4V3E,856.1643836
OG2O26434PPWPKE4EZGSTFZHE6WTUDLRUG5CGBQJFYCIC5JSYFYLHBROBI,856.1643836
OWRZRLQZKL2KY3RSCG7W3TD7PX27EYOSK6ZWD5ATGXKT5HDUUTBJSZ6XOQ,856.1643836
P3BP2F66JJWZE63VCGIVMA355WHRP25MTFPCBDMEUHDASRKRMEUSEEEP44,856.1643836
PAIBSSW4TU723BAVDUN6KH5N62BYLJKVSRXCTQZ23NKTS7XPLAM5K4BVUA,856.1643836
PC3BOMHMQ7R5KACB57XL6ZXDBKOWD42SLFYD36CO2O73FKAWL34XP56EXY,856.1643836
PK6ZXGLW463O2U5SAY73T6245GRORQ67APQZMHZRMNJOWGFFXQ6LLVZQZE,856.1643836
PN2ZVCO2GS3FJLIZNPIUBM3EMYFBPIWQRMQUY6ESCHEY2TXQ7DTWPY2EDE,856.1643836
PU7OZ2ML6ELO3LENDUFD6V35XRPZ72INDUIDD65C6KDVU5S6WUN7COMC3A,856.1643836
PVKE4UB7PRF6TDZLJ3VCV2BNMNKPN7ZLO2YOISOGN6Z5V4NEEH3P6YYVZ4,856.1643836
PXDO3GVZY4VEOQCJDT2L667VRAIYGFFEMOZVO2V6OQOKYMJ4WIALVPMDHE,856.1643836
Q2IANX6HPSQTN2BQLGNS5DX66TLCWTMP27B4CXJB6JZI6DB3PZHT45I63Q,856.1643836
QJVQP2ZZ6ROQ4GEN5DEE6JBON3D52LGDOQACSNY2ZDMCHYYMLMU6DCAGHQ,856.1643836
QSATPOYRT4I6COT7DWLCJ47C6O4SZQQKAV77WEGLVRQ2FFJD6YDG2Q2ZDI,856.1643836
QSLTTS2PE722R6SXYHNHSXVDVW6MWR2SBAXWIQ7LBOAOQIPSEVPVB77ZLY,856.1643836
RERWLRA7VHV4ZK2ZUNHXTHTRDAYXLYZS6EZRGP7OGF6N3BODBXDRF3F5CQ,856.1643836
S44FOHWCQXYHDYVOAWU5I6C2NEF4RT34SSMAJ4KEI7VMUFP7Q5EDDL7QBA,856.1643836
S5LKVWPYQ5X2JY5F66HB2A5HIVZH7OJWVVR7KRP62W4KMWFVFS4ZQ2EY7A,856.1643836
SAKZW35CJ5BVLEYUXY4625SMVRVFDGDLITF6KT3OEHG2L6M42EY5YRPMGI,856.1643836
SGDQKKVEPIG3PHGXPJCN3J42AJHMYZZA62NJAIHDSSAHVKKCJH57KBLWNA,856.1643836
SGMHIBIQP367Z4BOKZDGETWXE4IRSC7FLN4EHEG4EPRA3KK5D3LOKBL2BU,856.1643836
SO3W4LBTQWSHM2AYHD2Z7JO7KT2YCNIPEDB2IBXLWIYUWT2HYWXFSGVVRE,856.1643836
SXEODGEZWDEIG6JK4XGPKZHOJXZCLP4NB2EK44TOOCUBWL7KKCB4ZLJ4XU,856.1643836
THLK72NRVTN4RLBYQRYYRMAYZPSMRHOLD7VOWL7N7EFSKZ3VCJVTSBSKFA,856.1643836
TIZCWYYF4NHC7W4MOJFHDUMWMFB4OSYLJFAY2CHZZJ5OB4EJGLMKWMG3ZI,856.1643836
TOCE6RGN5JBVTY56L6ADTA2HA6ZFTFHF35MFNXHWXW5NZRBPHVJ7B3VRDI,856.1643836
TVPYJ2STF7YQAIW7BMINWQYYP3NQGM26MD6RQAPKYIGFP2TZ3HBRSXT2AU,856.1643836
TXYXN27HQXATKL2SIE5QIV5ZMMOSNSYFZNPFHONAPJ65PEEDGGLHDOFZHE,856.1643836
UEB6TDVHRIN7VSBGXO4WATCV6YJQA7WR43TWFIMK3SCWJ7NQOMON5WPUYI,856.1643836
UETEYMOYSGHQD7I3ZNLAV3PTAQOPW3YYXV2PLL7QRG3TWZHVXWKJ2GMBIE,856.1643836
UG25OV4IMCGCI4IMYKGCY5TZI5C4LCXKVLIL2PIKEE26HTJMOAQAOXGL34,856.1643836
UGRB5OLLRIASSMRM5TIV4IPYLJ6MSZXXDA4UZFROH2YHFP6MLPAZVGAVQ4,856.1643836
UTOD5NYFGSOWQW5W4SQEEVOLZBWMKYJ5ZHH5B7EWHSHEZB6DGBOZ7MYE3U,856.1643836
UWFBSTA74ZJSX2DV544DUZ44KURVQMSICKZOXEOO55M3MEA44AN73ORMOM,856.1643836
VBCJYT72KAPY4FCIOKAOCXIJPCWZCOGW4SB4HZYB3357LQ4XQ7ZHWENFRM,856.1643836
VFREBX274PBJUDBXKPGOJMT6GR7N3KMFNFPHZMDNLN2S52UMJ5JCMCPG5Q,856.1643836
VGQEE4BJOBZBFDKVLVN4MRKM2NEYQQEPXADXUBDBSZS7UM5LE4HTWSHL5I,856.1643836
VLMEPAIIDKX2YNPZGOLQBANMD6DWMBO2J3LOTKNPPPIW6CGERLNYQTTW2A,856.1643836
VN5J2N236GT5XGOLAMFL4AUBZEYDIVEGJDP5RZDXCHX6JCLQ7I5WYGORYY,856.1643836
VOIBTFTHE2BJEPCWGBCXZJ2F3TGW4KKPUCWHMOK2PI7LEBV4EBSIB2OWX4,856.1643836
W535VMZYXL5O34Y5ZD4AOFM3SLMPQSU27KM3X7D7G24MVI52K3XKXU77MI,856.1643836
W6DLTXLDMN572E7RI6DVLQK6MC5XJSZQSJ3KTYZDUWTEZ3UHNRIFPDNH3M,856.1643836
WCI7SADQO4KPUBJQL7Y6AKUGBKQ6MTAR24IGOZCDGJNG777ZUCFSWEEL2A,856.1643836
WSOZVUVTJKPWQOLSZLQXKDOWCAIPT4Y6U7E7QLGY67PAGMNO7OMHU74WVM,856.1643836
WWTJLLMJIG65BZFT3I557RRPJKXR4Z4JAQZ26FVYHTFQATNSOK3IALZJZA,856.1643836
X2I3BXDIDG7LS3LQFFJIXJCOL5H66RDJZK2XOMRJKUMEWECAHBENNKTMPM,856.1643836
XLMHIJGUXW3GUZ5FA6Q6NRNP3QV3Q5QKZ2LYJJTVW4KWUQCP7UW37R3NAA,856.1643836
XQXKC6BKMM5Z7XOOLUNKXEFDPYBG3OVSCTXSCVOQGXZVG67QPXWLRFUHQA,856.1643836
XRER6IH7TXUI7YYQHCLUX7J7MMSI7MR3DZADSIKDCWK4XIM7MBYNPSIOPU,856.1643836
XYMT42XHZZBNEA6OO7MAT6V2V2PJVBYQFFRR6TOOXVHJLDPKEWJFSA7YF4,856.1643836
YA6IWTXA3WTEXDDTB6Z65XUFQSFIZEUA7XXRNR2EA3QJYAF4JLF42AGHHY,856.1643836
YIEGAL652LBEQGDMG2JM2P5AQKPKCVLUMCKFGTGA6FTPIQCX5GLDUGCAEM,856.1643836
YIGXR6G5S2WLWJJRECAFBOJBVK3ZDYGKJWVBDMJAL4AXCW7KFQQXMC5MQM,856.1643836
YJCRR5MKGGZY2NG5SUL4SFJZDQQDONRMLBHA2LSJ2ZTFFJU4N54GXOXFHI,856.1643836
YKY4F7XEIJLHEE6M4AHC322A54IRICNERDLLXRRFRTWHHLWZKUWGQSNSVE,856.1643836
YUM2VRKBBFACD24BNZEH3EJPRLHIIBNTOWUT5YUPXEQ6LJEIMD5D6J3ZNQ,856.1643836
ZN6K7ZWMZDFPWSL2BY3RNY6V6GYDHMBRS5WSU5WOCURU5IWJWT7Z5UQHAM,856.1643836
ZOUHPSHTWTYHQNAL62HGNAC52TIFPGPQ3GFHIMVXVS5WQFVVXHLFKFCB6M,856.1643836
23DKWXDPELSPR46UUCNRW5CZ2GPQIQP7OKFDEAQRKWRFDYP3I22HFYMAUE,856.1643836
2LUN75HLLXAFJBDQ6JTITCNSENWA5QNXDTU44UJ3DTHHT2SEUVB4L2P7MQ,856.1643836
2RTTNDB7XCGXXXNXCT3WAJCGESR5IH347VTSM67MD7ZMS7VGWA2J37MNTU,856.1643836
3232XS2DW6PVPCIYUJXV7VK7YMYMMS5ITCVQK5YEWZOY6OY2JG7M6UEFKI,856.1643836
3247XJJ4VWI32F2BYL72KGN5LKJMN4G33XFFODALSSV7BABZITH2O5X3OI,856.1643836
32SW3HCRYY7Q35SNOPEJMTTVCZK4L2KIKKWB75L3ZJDND5MCW26S23XFRY,856.1643836
37E22RGJUY7Y4FKBZDVOYDJGSUWZDG6T353E3ZVHCGZI6ZYM4WRE7PS6CY,856.1643836
37NAZYS3M3VO4HTCM24YVNDBJ4CU72D6PN56DITXYV4Z3M4CNHQYSSH7PY,856.1643836
3BZLMSWHUT7RTGXGUQM7CH7RRNS7EDJOEAN4ZSUNCHWWUF6XJU6ZINNZU4,856.1643836
3ENZ5UAFXUENSBQ6VEBDJGDLGQMSRH7KJUBZAQBPAYCIXZ6M5UEXIKB6NE,856.1643836
3JPSZSOPXSR4SNVVNNJM5YOBGVMXPQGV54LGI4APK237HLWEAJSWFMAZII,856.1643836
3SDHCEMS6NRDM3VXOEYGCHBYZMW3P56RW266M6AJEULF64FXS5GZD6L6VU,856.1643836
4H4LHNPEJ4O7TJ74XNXWNQH2U6QPNNSJ6DCL4ULN6N2NHT6P6MMXGLZ5SY,856.1643836
4TPKVWMIF6R24QEGTVP2Z3SPDJZ4ZXVVGOLYGKPYONPDNNCIOLBTMXVTUU,856.1643836
4W3WAS3N5UD7TSHBXC5QDVO4PKYUOXDBYXJPT73GKEEZ3TDTVVFPNVBJIQ,856.1643836
54JDG4KM52AKG463JEY7GR2GQSY5TXZUVT6RRDTBJROWXIFYNYRJKFG5SQ,856.1643836
5CWPVKJI3KXUGTW3MKWWODGCGVP3L6C7AGWLGTRNZ6ECPN4UCZMCHY5JVQ,856.1643836
5T4BZWEGQ77DUZ5TLKDDAUYVMDNUANLOC673LCJ5QBDC3ZYRUWN5DAVSOI,856.1643836
6434WTFDL3VIXH4EZ6CWE7DI267J4L55YVKLZY3GB2CKXQCOYM4V6FITCI,856.1643836
67INPKKEODL3ZDYD567ZFSDTXT7TYJV5HE3TBYXYP5RSUUFXVWEWXUFA4E,856.1643836
6DHX5XZZNN2XX5B734DDOH5LNHQGLWTL4UCFRNBPEBMLKAVHKNA6G6JTWE,856.1643836
6LDZOQ54FWD3JMIDXOERUFHOG6W2N4WPXUQATECYWWUSXFSHEJFPYX4NPE,856.1643836
6QG5WDQHNL76LLMAZDJ6S22NM64CVNJ3PRSKPL6VS4OCJOUZ4G3VGLNIYI,856.1643836
6UURB2M7BBWIPB5PB77NVRAY2RDVK7ZRL7RLU53DMD4T3X7HPJ3NGCP4WU,856.1643836
6WRR6GWCHUSEENNTZUKISS5RX6KZRAHX3ZWM5EFZNZ4UF6GMW2BVHQPFSQ,856.1643836
75T4JD3UJX3MONQGPKZ6VIDRDCHATLTILDTWAH357IGVFSPDJ4NTEAFC6Y,856.1643836
7CAFSLKS6CJQCJQSVBFGVU6TBVC52IRPXDIGKEXDQ6YIBRTT22ESPVTUEY,856.1643836
7DAIRFEV6DB5AONMFGTLNIA76OASCJQ5EHWZ5RBESFTSZTANZ4QT7WDNTU,856.1643836
7E357XZFJUEIL6AVFI7HWRJSRO6OS4TQYKTCJJHDIDCRDQCNHHUMAPYX6M,856.1643836
7GAUF3VOOPUJNK4V3JPCTCOO3NJUML2TRUEEOENIA34LMUUFH6ZRAJJVVY,856.1643836
7GLK3AAPQWE7KYLSMMZPUH5KMAB6QLDMGID4JEK3H4LUIDBSU3WOH2OK3M,856.1643836
AB5EMQX5KFVC5TLOGFLZYRSX3UFLYV4EMXC7UWN6W6XKPXE4CUDCMR6DCI,856.1643836
AE7J2DFIHOUO4SEC5FYKVORIJGYIKV7JW5DQRL62TMCTGU3FZNYZZFQSSE,856.1643836
AFEHNOBZB4UJYAOKPPMPIVA7WBSTQT535TIFH3SPJ6LPJL2BWFD5ZKKMWU,856.1643836
AR7RZBNSN4H2G6MHF33M5CNF6D36TJLHVJUWQKXF6JAFAPNNRNYDPKIXAQ,856.1643836
AXP5KBMZJD6KRAVESZFZJRWNG2B62MRUHWNK7IEIKMTZYZY3UUAJX5UFXI,856.1643836
B573LVAJXPSNQDGIJKNAUMA4PM6UEZRIB7JWACGGPRK6WIGUFKGI27WY7M,856.1643836
BD7RA5R4Y2J5YQXQ2DLXS3HWXIGMRNLR3RNGQHRCCYJ6LHHK5KVYQ6J7TI,856.1643836
BMZCUGTRAOH7VUU6ZEKKSGIC7F5JH7GPK26BKZWJFIAANCRBQEEAR343N4,856.1643836
BYEPTW4YVPNJ3HXTNQITHC2A3IWFSLULMHUN2F3KBMNBV5PRTVC43CS33I,856.1643836
C2425WZXZLVQHAYVKYTTOXJKFZKNYTX3V6RN5LOFI65DSEROCO4EXH557Y,856.1643836
C374WEIIHJDHWMJS3UZDAXAARRZR3UUQ4TFU6DM3NGMFXBYBPGBI2U5EZY,856.1643836
C5AAGV3ALM3IYGWRXQC6NQPK4ASECC5ISXI6YXYGJETQ76BI44RJF5N5SI,856.1643836
CEO4TC7PLNTW5AZFU3BJ2GRXHKONURBLHHHZAK5ZLIGHOKLLQ77MPR2O6E,856.1643836
CQJAKDHR26F63R46AX4IYFDE3N6NRQBDA3PFT3MGWPLO4J73VYZN4B6OVM,856.1643836
CVH7WES5Z5BXHSKKRZKN4QRWMLWRYVB3S47TATCVRN5Q7IPCEDLCFQGRGQ,856.1643836
CW34I3YG6INBN5ZZ4RUCSDD7Z7BECOFP65WPZT7XIRKJVPVIU5DRZVI2UI,856.1643836
CWI33QVCIATMO2Z6543TBWZOE7I32OU76OEZKNLCVM72YU2TPURFDYD3WE,856.1643836
CYGU5Y4XL65KZVXFYDNR4UN33WYTW62VVS2W32AZRHFS62S6LZ47RAW23E,856.1643836
DLRP4UHAAYRX6WDWJIMD3MX6QEGTXW33T4PK4GWUGFOEFKMY7TJAQ66ODI,856.1643836
DP4XIJWVDO2MYFIZ6623EUX24T6Q5DQG7WVZ56BU76DIFN5DOOBEIHASFM,856.1643836
DPY43PQYZV2WZRJGI6AJGQIQODOTKJPD53KLCMWSTZNAHWEOKEN5OINH4Y,856.1643836
DZF4OILHIW2EEN5UDDNKYGPX2IJEBH45IWYGFCCVF3ZZYIVA43J42SX6HM,856.1643836
EGOKVBOIHGI6QDJR6C5GACB4AUYG2BURO3WSYXMFPISDKUS5YN5AOZNEFI,856.1643836
EIQ3XANJUYPASKKIAMOITZFG2J2AGV4WQTC3QWGANORVYKYLLNBEOYARCY,856.1643836
F7UORIQNVIWYTL32KCAVAEUO6XJJGOIBYPMWPHBSDXYIFEZCOPXU5JP7RA,856.1643836
FZUAFXZQTODUKIVFPSWPF2SNAKPHJYLBMTFGNODITEPOVPNV2NLYG4EHUE,856.1643836
G3MSA75OZEJTCCENOJDLDJK7UD7E2K5DNC7FVHCNOV7E3I4DTXTOWDUIFQ,856.1643836
GFBCTV3SIUGF3RRIROT4QLO72L4XHQU2OG7UXERB2OFVCOHOT46A3BKHXU,856.1643836
GJDGDTYRL3DYAIGKI4RULBC2SULPEWS4G74URSDDHEO5WA2LP2ISUHBBYQ,856.1643836
GP63J7SXMAKG24HLTK4GAYOQDD6QZC67GHHTK2RCUV7NPQIDCM5JOSQ5SQ,856.1643836
GRTRSA5XTX6QYWCEQE3CH67MTI4WK5DFXRQEWL5DUJQN3RYSKT623W7S6U,856.1643836
GT4WD3HCHI67FO7TRNK4MWODBS3IMHZ6TTZ44Z52JJPUKVO2LGXZOPUAAY,856.1643836
GUA5DZNHRWDSAFS7ALDSKJY4GNUFNOBK2EB25HQFMG243IBPU3WCFGCXPU,856.1643836
GWPZK45MGMK5EUWG2SCHLJSKSZICW6LLZL5QM7CRJ3IM2666ARMQRUSM4I,856.1643836
H23YBWQZ55XGATO6XZ3ZRX35V7S5VHGLEGK2CC44YTX4O5H32JL6REC2QY,856.1643836
HAHARFG7KQP3DUXA55WRU6MJLNY4LPLVDHIYK3F45RDK4HHSNB2BJBPXAY,856.1643836
HLI73WTGDKB2E4NOKQIUU2XGWBDLBVCE5FXTCPKISWGMD6TCQ6ASHSLFEE,856.1643836
HMQUFUQAR7AURKNRH4JBQKB3J4VAQOLQQ762YTJA4KE3W6U4A2HEYFXQDM,856.1643836
HSZNJGP5D62HK6SCGYVU2TYQTE62EWSBGDAYP3ERO2JU4ZIX2E5NR3GYYU,856.1643836
HX7PB7Y3BFIO5MHRBHMEKIQ3AAPPIK764VL6E4DPMKCKSZP7KWDRKCI53I,856.1643836
I233AB5S6GTNAQCV6SDVX5RWSDINKZWTYXCIYUP6BMMUNU3P62XZBDTI24,856.1643836
I5FQJ7RORI5KD6A77AETRDMMO4C5AXR64YU5LOOMF6VX5LHG5WWYX5DDCI,856.1643836
I7QF6NYSQVKAHJ3GH46DZ7VDNBURLCPSPQSX4BOV6P5LUNDAZYEEVAZFYQ,856.1643836
IUHN2JYERQA76FHNPFJCGDSV25YQEHJYS24YI4I6QQ5MBRH45GWBIN2KW4,856.1643836
IX3ZPAWOIDIGDFT3DSUDOC76ZPYWRX7DHQECWS2OJBV2WMSY3THB3ZCUQI,856.1643836
J4CWIIC2YLVBTHOOATG5D2AVMGIFKS3NMBTWN3Q7C4VOMEPPEJK32PKQVU,856.1643836
JLAJLD5L4H5NSEYWZNLWJ5BR7RLK46NPIVV27LDXFS4D46RBH76KWAEALU,856.1643836
JTEBQ34AA7YCGEVPLQM6M5TPTBXWXW4JDMW6QAXZXVH5I6XILNNWOAAQRY,856.1643836
K4H4Z5WPEDC5PLVQLEPEMB53C6ANRPSFR77T4HEXZ32YI5WRCFB2PA3KGA,856.1643836
KCBKXMOAYSUFPBQUYTGJTIGCYIFXZC2FQDZ3HRXUZNHRUDQDBKWYP5Z4OM,856.1643836
KIZYJWEBASLCPEF7I7XNTIFOIA4MHGWIABZ7MN6TX6DCTLE72A2E6JT2II,856.1643836
KJZNRNSRT3VC4FGT7HVIXBLSLZXR34FZBTQ5PIUGB3STRXA45XORNT3ICQ,856.1643836
KKGNQIQ2VYXFABUYRVHD2I2FJJM5MKYI7AYJP656FUYWK2DLMQDX6R6F3A,856.1643836
KMF5BWKPAGKRRDMW743YS67K7TMWKDWOYX7MHLHQQVGYIEVQF6FWNJEYW4,856.1643836
KR3ZUM6UX5KEGFVKL2N2LQFV7ZATNM23OX2KIQGAXWPWG7EYT7YYH3SJQQ,856.1643836
KREBKU3D7FUHSTXQRARBJZAHDXHBTKSSIH75HGAKDUHQ2PF42VZH7NO33E,856.1643836
L5V2I7WAZ2EXNUTY2E7Y72OBTAXWB6YOQQ5JSYSMJ45OKLARJIKITO5NR4,856.1643836
LSX7OHOWFLHVVW7Z66Q5LJDKWPAE2WAAVZVSCDSQCJM2NZHVWYMGFNK4BQ,856.1643836
LTSTZLROQM7RFACDZ5VMUJWHYPB5HT52O3WGZBOK5DNPO7EA5PF4RMYRY4,856.1643836
LVBRF6KUE6IDLCEE44MUUMJXZEECNUR5QK6ZSW5EBJ4EBDLWOGIWES33CM,856.1643836
M6PTPCUYFXQI4VYTOUVAEFH4PHDMPSBSUAW5F5WQQJKDMMI35BBEHYANZU,856.1643836
MFDX6NKS6WDVLYK5DUB54KXANSYRS3CVZ5343UDN7U6YBWPEIFYUYP5XNQ,856.1643836
MGSRAMKZYVQ7A5K4Q5L34FYAT5GV7C44Q4AQ6M3LE625YOGORV4Y77JEP4,856.1643836
MHUQ6YT52O3EOZEF4LWUERM3LOEIQLWDRGHYRHY4C6PPVNCQA5CKAD6XMQ,856.1643836
MLHUH4RFSV3UJXQSYN55OZYN5DAXL7LZSLFFQW6WXS55YZPWFHXYU66QTU,856.1643836
MM5CMEDLMWAGC7LWA5NCOXLRXBCPYLJSI3BYG7O5LNPNKYIKBGCLW4ZBOM,856.1643836
MVIKCROI3CZ5A74BZ7C6WHQPGIEWBCTBE6E7B7LSO7JCJIOARMNMXCXUCQ,856.1643836
N22RTFS26HEGTMZCLRGBKSXWWBQ5KINVEKGNBMVT5ED7NDJXQGKVAMDCZ4,856.1643836
N43HVA273VL2IXNDVXWLKMZA6VS2XMMJJ33XQMCYJPK4PJW6M4F26MWJQ4,856.1643836
NOUAQH2RSH6BA7DJ3ZIAPIRZMWA3RHOFGXY5F3FTFF76QVQO26WXCOY5DQ,856.1643836
NV4UY5YEOIQDYDCCWC5QMSHDJSHVNXUHJ45NICAJZ3Z6GVIAB5GWSD4AME,856.1643836
O2N5POS5LXOUPVXHKQ54U4WVOX7UKTMPDJTW4A76LN62ROD5UWLIOZ6FG4,856.1643836
O7R6BE5XZYOUIZ3HU3FKQRSD6FPWZCLL5RBVJ7RMYRHPAGCQHCOEWT2NVY,856.1643836
OCHTXZB664FSGVFV34UX5C254JVYTEBYAILRV336CBASWUNYHINVWVIY3E,856.1643836
OHWETQXOJS36RTIR7VDHNWUQVSVLVLVTRGIDPW4N7PXJWWH2D7VXFTDXLU,856.1643836
OICUIN5BHAA4OVUOOB7W7R5R53MHB6WST4GWPFYOYKYBQMKJHDEQYCXWWQ,856.1643836
OL7YU3A5EJUYLJ37F3DZ33STHCNVPUWTA72TEFLG5AEXGHMNAEAAQGXP2U,856.1643836
OOEDQF6YL44JOIFBDXWVNREBXQ4IL53JMTA32R66S7GLKEP5WC4CL4SFLE,856.1643836
OPOI4NHW44BPVDGLR2OA7EVQCFO3GZAOW33YMMXX3R2KGDXNNNP2KCOQ7A,856.1643836
OQ72P2FYDEJEFIEI6JMFUUE3ZHM5FGJGVUHCEVNJMOMXZ5TRNXHFMCXPEY,856.1643836
OTM6QZCPGMLOLXL6JX5WO3NLR7IS5IQKN34HLSFLMTY4RTRWZ7DJO23LG4,856.1643836
OUQGKLA35LADLDP56CPGWCTPW3IBR7WGMXFCMNEHCYC35GFQU4IHCIODSE,856.1643836
OV5BLRS7GNUE6SEIOKVPXCBYDCHKDDVKSRNUZIDUSL5U6BIQJIIH7BF2GA,856.1643836
OY7DMPXKPYRHX7APADUVCBIFY53NNCRSKUNZBGXLID7KLREA6RLOYLXPMY,856.1643836
P6JAPSKCA2PYJY5AVJI4D5PMFCERSGJI76DVNTRXCKOHQYV5QF4UNQOC3E,856.1643836
PDSOGVKORCXKYMBWHG6BFN7MVYETXQDCL6AKEWMEGB27MA5WROKHHPKIK4,856.1643836
PET3NZQFX7BCOF5PENO5O3IKL65OTI6TAQH5AWB6OR43QFKALJOGHNH7MQ,856.1643836
PIAHFPM3KDXSNMDQ4RKNISB42PZHOHCQDJPETDESZTKRDBT23FV3K2LZGQ,856.1643836
PPXTOVGMKWIXRQ7SXUZNLDY7WOT4MIBSRWPORJKWE6L6GDW7YJEVXNAQVA,856.1643836
QMRH6N3TS2N5D7K6QWXNU46HD2NR5QN7BYGN64AEZGMJFEK5C6PDFN7M7Q,856.1643836
QOJNXT6SD4PIYHRMLVU3FUNP6M2CMTMUUSCWS44HLOF6RTGEGMSELVPDQA,856.1643836
QPMSWEHYJWM3JF2QJHRCROXLYKUYHFP2UJXVB7VSKIV43VJZKE565VBYJM,856.1643836
QTRSCVA5V4PUGGA4FSVBLFYTQZBT4EULVOLOUZ4SK34GZBX6DMBHZC7LDY,856.1643836
RAZVEZZ4IA3PYC34ADHMMIITN4E4DPHNFBMBAR5UDINWYDNGCSZHYQS7NU,856.1643836
RETPHCNH4CS3LFM4K56JXMXSZSR3IOR3PUVW6YZL23RLD3FTMNN2WIWE2A,856.1643836
RF75QBRII7GPOPAQ45JTLYCGYZ5UMGLKM7YHCVU4BQCJA5GZHYADNZU7ZM,856.1643836
ROOOGC4STLTRQTKQQIE2BY56JGLRISCJ47EVHNZYOXBV5JEHDIXC63QGJE,856.1643836
RPAPIUCL47DCJWH7GP5V3CV7PYHQLDRWSPWJSBFRWTPHDJEH4W34W5DPCM,856.1643836
RTIIL7JVXD2ZMCT24VR6SHLZF5DRCAO5MBHKLHL2HEPYIXCKLU7LQVPIPI,856.1643836
RVQKPCNPXPYO65RS67ZLYAT6JX4WVIKYSOUCMCG3Z3YBDTIV2HI6NO25NM,856.1643836
RVRO3UMBXTLW4YGKGRCXWUVWFZZZO7AUYOUMHFNC34IMBX4X7DHLQ3WHMY,856.1643836
RWATREG5IH63C3SLTCW7Y4IMNGCT6WDR2TGTBKQ4L7TEZRF5GJHBOP4F74,856.1643836
RYHTE2RIOSCPFKKC5Y5ARMKUZPUVWYZ4CN4QOC7OFZUNO5CWEYW4I6QFIQ,856.1643836
RYQAHN56VQSON4RAXZI7VE2EW474WR3US2GJH7REEF6N5XRBDF6LK4ONXU,856.1643836
SPBDFJKGYRASUF5KPF2UBV3CRGXVBGMECJKIORSP7EZRKKHPKQBFGYMLHQ,856.1643836
T4KQZ2OKANVOR7LIADQZSRT7FPZZK756LEVI4BG47GOM2JXLISVGVBCVL4,856.1643836
TCS6CFAZTLOT7HKGLLHNOIXJSXPALASOMUFIV24OGSJZEBIA5G3CY3ZQVU,856.1643836
TM5MJRLXJHK2CRDUC3KBTCYISZAMOWXYKZAB3HUF3CDPBR4FA4JTTZNA5U,856.1643836
TNTSFV2C6ZI3JY2GIFHF2OAA2BXSIJBGECENJV5DNLJTXME2K33VKHGWSA,856.1643836
TUI5RMNGFVXMVDJFU6ZX7NKLZTISU4MRWOUFY4425EKA5UYJTDKFRXLYVE,856.1643836
TX3YK7JVETVYV6MVHTVD6QOKQIVCT3U7PJFD2OPYYRDLKVIXVKHTI5G54A,856.1643836
U6P7DKEJHRAFUPZGV7EX7HXE2DJU5X72YO27UXY6PIUNRUC6E4AXT6OINI,856.1643836
UNE35KMPLEPFSFGXVN2EU4QNRT6JZUJ3M7T43NMFVG5PNC4EETTYBT5QLQ,856.1643836
UT4Z4SH44Z7NJDWRBRBFFQ6DN7SSKIEUM4SGF7HBGPUCOFQUKRQPDGBJ7Y,856.1643836
VSCXW634LTSWKVH3HIR67554WWBMASJCZI5V37VN5MGRMIXRC422PL47LI,856.1643836
VYUYWM6DUWLJFWSQJW3HDCLNDTKXPPCZBK7FLW74AHYUUSG7YSBDVZXTZ4,856.1643836
W4YVOBG3TYPHRPO43MZCFPQN5AYCY7XJT2NWJW35V535J2XAZINXQVNJAE,856.1643836
W63BNB7XCRGZETCFMVVY36VHETRPFDDW7YNS7TZDBWLFZXYJBIBBEADFSI,856.1643836
WECJVBUDYVWVKJXOSFYU727BRF7LZVDQJHXP226COXAKCPTE7CIN2QTUDM,856.1643836
WEDLKI2JB7Y334PYY5FUI5U2PKKEF5W444RNZIBQGITUT4EFHYJBEEOGA4,856.1643836
WQQOSFDWWRZZBU6BNTNVBE3T7IFEWLEBNW2J3CBTCNMPE2V53NGQEH7O7M,856.1643836
WRIPPFJ6HZCY3TC75RRYDLTSEPLTMLP6XMYUF3NJ3TCOXFI6B45GOMDIDM,856.1643836
WUI576OK3AJRC2IKPSXPE5AVQAKOQ6JCRZFR3RHZ54PRQAZQQKBONTPULM,856.1643836
WWV7FR5BPDGMUDM6HTAWNIPYZEBOQM5UHHYSTJPBHOHUDFKJEUXW6S2DJE,856.1643836
XJYIMDYBW35S53NR4ZPRBFACMVZIAMUBDARH2WE2MZZZUH3YTTSII6LEVM,856.1643836
XTDD6O2WQYHBZAE4TV7VKYLREIHXLZFMIDH76CLXTGQPS3YKZDRQ4NCZWM,856.1643836
XU6NXRVJMJMHVWCC77AOKK43ITG6YSMZB4Q74VUNYFQ27ZNJJHIYI5R7XE,856.1643836
YQ3IT3AXZQMY2S5RC5HZL7XXIAOVQRIVD4VDKQHEDCOLMV27WDCJGVH5LA,856.1643836
YR6MWOUFZCY7T2AWLH4BR4RUCJO5DPBHTRKYKXQT5UUESW5Q7XOQA2PYMM,856.1643836
ZLLIDP6ORXXQVBTSWSIFI2GNG4PYGT2LOPQ57UWGCXEGPGC3XLB2GEKP3E,856.1643836
ZT6VQQBXG457E6AMUZRZIPC76KJN3WV26NFIUJ562CJ7A264I66EBYVBP4,856.1643836
ZUBXBGVAOOP5JF56AXPPBPHO7NVCIXW752J5KFQP5YVNKRXJIG3XTBVZLY,856.1643836
ZVI64HCI7HRSNTQQOAJYZ5ODO72ZGM4V67W5G2GZQPCXPSMOUH7CO5WE6I,856.1643836
23JT7ZMRTIY4XBUPNWAGLLKK3DV6E3VLT4TEB5ZVPZ6BLUIQL7I4IIXUQU,856.1643836
2534AXSHBOSG5PRJN53AHNDJUIJ6TFFX7UF7HRQNZFGDY32L45A6R3DKHM,856.1643836
272O6H47E47AII7JVZFFIJ75HKBCUVBYFBTM6QNTEDTYQDG6K2YVTBVGCI,856.1643836
275VXZMENUHF3WGIJ62XE3TK77YQBCLVIGNPMMYDN6COERLVDGYOSN2XSE,856.1643836
2DFT2YWDJXQKTP4AFHNKOATBJ6VI2KKVKNCKV4W62AHXFDO4DZWBWINCQE,856.1643836
2L5R4HN4C4U7W7ZBXO2M3MYA6CSKJF4LF7OV2G7RGRJEGSR43XBOD4YW6Y,856.1643836
2SIOJIAB7TRD3YUXLVMPZVQ4T54KRPWQB6YSCN4NRLPFEKRZG5CK7DFKHQ,856.1643836
2T6X2A7ZJFH3VWSSUO6I5MAAUEECW77ODSQ7EU6LZKLGONW2X5EKPIZ6W4,856.1643836
2VVR63EGZEJTNGOMVE5B4TPUUGAOPFRPMZOJWNPULRDTHZA4P2IZCPHX3U,856.1643836
2Y7HKHUQSNXB4CIDZ7K7TR5ABCSL36BMSXJPT4PAF6WFSHWLASRISC556Y,856.1643836
33FJESCQ5LE2EHGBYYU6LEH6ALVKGXKAFEL6ERG55ORZJYENRTT5HF65KA,856.1643836
3HS2BR3IYLZNEZ2MEDRWDYZDXQERLM2DY6IWPDHUG3VB6NO4Q6LI2RD47Y,856.1643836
3OZJWSUBODVCA2EGJNDCNWYGM3UOGQN3F7S7YDPGK6GDQRNCVZNNP2TCMA,856.1643836
3TQ6LSOO4PHWAS46Z5UX3YMOHUUCUCKCU5SINP3A2VEI2DN6QID5WGU244,856.1643836
3WMZZ3N4LRXZIKBFSI4KBG745DFMJU7J6IRXKEO674Q3GESZ4WSHGIKGPI,856.1643836
42JQ5QXULQEI23ZFBZGEEPMSCG5XGPAGSQMETV52VWHWFTMSY47HF57YTY,856.1643836
43F6UOFBNDP2W4XJPA3MYNPEEGXUMJBRAOL5774G7GG7DQGRMUMGCFC3UM,856.1643836
44LZ2YGHUJN6BFHJQ2N7Z2W26M5KWCYXC7F4AFVCPJKBU3EEYYH4R57J3I,856.1643836
47SY27QD6UL5DVGSTRNZY46FC6UHNSYB37Z3PXH3WF5JYACIWQYR7EARME,856.1643836
4KJ2KHCPCZ5BOM2GV365VRGNVA5NHJ7OA452BWAWC3XM2MVJ6R47K4PHPA,856.1643836
5NS273QAXEEC6PQQ5CNMKP4BLZX2UAWRVJB422M7VVPVJPTNQ5YXIYBC5Q,856.1643836
5OHVP3J2D7MLTM4543LHN6OFWYG5XERUILERSHCIUB2UK2AQEGSNEOUAYI,856.1643836
5OYIV6XYJ7VZMXDRRRJPSCMOLVOAWCWPWZGH7NABBBNAKN2Y3YERM66FHE,856.1643836
6CW2RN44Z5HX357SXFQ3R5JQ5OH3GFPXDRJQ3Q6BY5SGOWUUSUT4IUMGHI,856.1643836
6KMATITGIDNFDMSSAVMH6YM7JEQRG76LY3O7VR33MGHOWI4OUE3WKZQCGY,856.1643836
6KRT3WYH6YU2GSXKNU4J4DINEQRQ7G5F3TSVJ72MJCJ3DB3ONROKYZW35Q,856.1643836
6PICJA7JBIWDAJYLWIMZTYBS62CJHGO6W4KJ2XC3W7RF5UHEJAUZUJSHWE,856.1643836
73XD7JVYAD7WKZMX6XJ23HUCTV22NSMQ3HOTY7WX5UWY3XNBHDFMVHJ5V4,856.1643836
74CARH73DFUFNAZECANHIKZQGWLIASVBPED3EHOEYUD66GTBL24ODC3FNU,856.1643836
7LESEFFXL4YHB4QLR6OBCZEO4H7AKMRSGFC4LYN3NE3CKYHWSRWPZB2WJU,856.1643836
7O4JXPIWKXNZ76LLX4YNZFQZ2LPWLRU5VRL26TOQLE5ISORRGPZO26IYPI,856.1643836
7PR26YYJNA5B26DDLOSI32YREPDG62SY2754VLXKJNO7WJXXW5362UILBM,856.1643836
7ULR3JKKQDA3HGPTZNSKZ7ZMAHQPRI2RBP2RTU7ISSNNSPZA2WUZT24PJU,856.1643836
7V2WR2NL2POCFGMQBQ5Y375ABLUCMMU6DTMDQK22D4CLR3PBO25D6R55CA,856.1643836
A4VRNG3SNVXHJPULSL6NMJHCYRKPT36PIGSUR4ZRC5J3G5AQ63TQCTIHOM,856.1643836
AGWFX7FTZY7IDVCHITKUHVZRWVAP6NPMSEIV27M6WQKBQVUM66NCQE662A,856.1643836
APVWY4WZH6EIJOFZY2DWHFOCPBYNLGLQOEEQUCSIB3WYUA225QGDQCSZNI,856.1643836
B2CJY6LRRKJ3VU6YGQ4EP2KWK5XDZQSPY3323TK4T2XZ42AV7WM34S7R2Q,856.1643836
BAP7DETKC75Y32IH3QLDTJMGYU3MPIA2CZA7VJSYLQZD2MGJHLWXUKKU6Q,856.1643836
BC4FOW3WBY7RUQQU24ZDUARKQMSYPYD4COLMVB3VZMIE6HLN4QSNRMDDCI,856.1643836
BE4ED4Z4RZ3XIZK4TSRF6O7WNNVHJHMIUX44U6LL2PPAKJEIW4LRTUTQSU,856.1643836
BEEFEWNPV72AOTW6GG33HEIHEHTWPDR7KWMAK4ARNSD2MEJM4K526UEHY4,856.1643836
BGGW63KUGO7R76TSMP2W7XWQ6NVG6FCWT7D6SJIDE7DYG72XGFFEUDHKOI,856.1643836
BGLCIUI64OXRGWXZUXXKO4MXH5KA2SBMXTCIETP7IMX3Q2COSF3U2M6RGU,856.1643836
BH724LNY2Z6IYGGBBA2WFJHKNRQOMWROUGAHLSCYQSLDSZTP4FZQZICNK4,856.1643836
BI53XX2TR6FLS3SQG7762BFB4FTSD5C4M5S6P6XZWKVW3OYWAVSYNTPK2M,856.1643836
BQUL72W7I3U7P5JSC2OYSONRMSQJH7BZV4Q5G7LAJIDOQY32CRCC3VJV44,856.1643836
BU4EWPH5P3ZEWJ2JBOA5SHQK5HAN2HNHG6XHYRNP64SWNS2CEIVBTS7WJI,856.1643836
CV2PPRJIS64H6P24ZB3IGP3HXSWAB7X5KFT4YAQ6RRK67RTXQTZO2YKQ4Y,856.1643836
CYYYDMCNXCL5TQVD3GLOBYGEX5V2TOKABDCZ3VKZULAYXH7WD4OHAMYWUU,856.1643836
DEOHVLBS2UDSIPD2CPAOG3KPXC3DMN2UW2RRIO36OIDB4SE3KLN6SCHE7A,856.1643836
DM6CHODBUQKZWESHW4DHNGEJQYQCBZRHM5BXJDTZCYTZRBXFDW2E43O5IQ,856.1643836
E2T7GLQYCQ77OMDIZ4IINHBCUHZPXIUJVRQH6QGHWDRX5UOGHQTZPNDYJY,856.1643836
ECEEOLOP7RWCK5XKGU5EOHL73MMEZTXQAU2R7ZMW5FE3V2PJJNN3UHS5CM,856.1643836
EMJRTXVNYEOIZOTHAG62BTSTYA4E7OTWBUD7F2KAHPZF7WO4ZTTWDGCVYY,856.1643836
ERGZS4UQSTVQHMO75JZAC6BVSPZYP66NUOWUOEATI7BWQGWETLYHSK3G3Q,856.1643836
EU36APVSYC5FBTSXG5UQCLLJYCV75ZL77I5AIFWRQ3A27NYSO3IKFTKBII,856.1643836
EW4VIPJ2L6JZ44WJQ45DHH6PYS5O5YMJCVHWRYICULZUUJOMO7KUMZ6S5Q,856.1643836
EWJITA7C2NLMKA7VGJIMKEVML4JQ2PVYPIHSUNXWMAAIVW32CEUAV2WG34,856.1643836
EYXRAG2XFHBQHAGPNXZKBY4ELXDALR56JSYVMVG4THDI55KJR6NLQONRIE,856.1643836
F7UNMNF72ZPKTHZE4AN5JO72PHCXMNDSCIYB2HTIU4QQGSNGCLKTVVCAAU,856.1643836
FL2NQFYMOIBNXEWLKCHGWKMQKYCV26GAWMUY7WGOUCY7HJLG6QNNQAR2EI,856.1643836
FMZOL7NMTIAIEQBNRMWQD5FSK7A6MDVCIPMXLFJ6DN3TC3NXF4ZPAYSI4I,856.1643836
FWKILOF5XPI2UDWNBQO6BY5ZA64FDXIVJFC7CDWWMPPNTU22KWKU5ONG7Q,856.1643836
FZ6RGP6YMZZGK4L4M3WFIB4ILAFFGQDPRWKNLXCOXH2EUBMWVGAWGC3ORU,856.1643836
G3IA6ICJ63HFLWEIEZBS5YCEIF5QS53XCIIHW6LQUQ7WUHDISAQO36EMPM,856.1643836
G6TPTBZVLNJTKB432REGCTKUVJG45GQVYTAN3NYIPMLQIXSOVFS45GNMSE,856.1643836
G7XTQWXJWG5ZRTPJEELYM5V4RQLNXD43FKZP77SY6XQKT2YA4GD2UVXB34,856.1643836
GBCFT7T3GNRM6SXJ6RHJGSBE6YNKRD6BWLZRWQHK7PSSDS3PHQAZAVSJJM,856.1643836
GFZSN5GNTXTVRKVAPH53N5MMUJDTYIXP3HI2ZLQ4ZFB2D2WDG3HYWPMHNE,856.1643836
GK23QZ4PTLLX72VILXY35AUVPTAYQKM3FZHESYWRQAT6PQ2KOKKNPAMNKY,856.1643836
GOJFYNMTLD65D3T42MY7DK6D3HFUTNV5LNAKEYIHZRG5JMCQYDVLEGH5QI,856.1643836
GQ5THLJ33U34MAKW2GZ2ECYGF236RZ5UKKTPWVGXOXIETDMBU537VZZQ5U,856.1643836
GR5TOPPARZWPTHDJI7DZU5ETMMYNVFZEH67SXOWQHQAZQQHYZDJ6FCACZM,856.1643836
H7CQIFV4YFTEL7KZRL54QIU3TKT4M6AW7ZD5FEXWC4SMIIVSEIHGOUU34I,856.1643836
HDGSJUCSYVGVDYI3TVEHMNYYUO2KKWMRK7Q4W3M2SOVRDTVDO3WYIIQ7SY,856.1643836
HILSFRAKGK67WWYFSH7Q65JJ73TFW4XWUCF6F3FBNPPNDUDTV77LCLBTE4,856.1643836
HXQEYFESYI5V25O2WZWJGXELTGTW35KGVOW5H33WEYGZRWCF6OSOI5EDLM,856.1643836
HYTD36W54AJNNSCHBNQGD4GQW7VWLV7LEGDCDZYSLT34ZDMRTI3MJ2WGFE,856.1643836
INJ4HERNWM6H55PEJHSXMEEUAUCFBIRVSW4EB2CUSBBL5X6XYZI3MP2ZHE,856.1643836
IYUELJLPZOEL5VIZ4BX6YBNCXKXDMB6NQ7CZRAK5YRVSNAHLF726TH4LHE,856.1643836
J2AGZPQ2XUOB3EZVEUU5OVOGVA6QWLAPBIQFBBFJWTCCC3AAIPDW5Z6PRY,856.1643836
J77T2WPCXHNYUQH5K7K7V5OZHUOZMKCNF4DGHDSEPPWVMKXBOUEMND46SY,856.1643836
JLFLV5ZCCYPV77NSQ5HUQD2T22JPT6URZ72U7ENKRHV2S4BNEIXEYAJAVE,856.1643836
JMFILZ4GFXBGS6YO2TNR3TB6DC2RUVEPPVN726XKK6YNFYN3P45WIAZH5I,856.1643836
JMYMPNO75KC7NER3NQ4YUIA64RM4P3UWFUG3QWXDZM7LY25IVTZ7U4KESQ,856.1643836
K2AYYRHLVLLCORE2QMFKYOOMAB6A6M7H2HS6TU2SGE6OQWK6R7VDZ3TGZY,856.1643836
K3FPEGQJB7JYISUXVXGB67JAZRCDDJGFFTEZ767USFOQGHUY7JVJ4UFHHI,856.1643836
K6LHZJ37SPRTU57CLRCU5IGKSMHHIKR2N3T3U2EEPLDOL3KDTNL5YR4PQI,856.1643836
KJJLMQGCIVL6GGJ2V2PDB3QPN34LMTIVEA2BTWLHCDYVGVXY6CW7MKQNZA,856.1643836
KJY2PVXMZMWI3LM4OMS352XOO6V3XELKULVIY6NBUMZT4LSR5TLUS4O6YE,856.1643836
KS2VHZVCDAFOQMKMFAULXJQMFSA32PQZJWWDPYHKJ3DADTIWG4AFQGUTRQ,856.1643836
KV45WD6YUYADI3HGWE6GKGU5XZ323AMYBQCLAYPFJDSENMCWLO3EBYVX4E,856.1643836
L2SD75BIDQQ6GRMWYIUK2K3K7DW5CESSNJULVPVCKC2FZB3OOGMVKYUUBU,856.1643836
L7ZVTZGAZHAKSMMIWJZIIXGGH7KWA2T6XQP5PKF3I4OLNLYSWCM2BILVK4,856.1643836
LBY722KAWCXB64U576XWGBQS2FTCSYMTWYXR2D7KSECAOAHQOOEKSTUZUI,856.1643836
LGE5FAROXHX42LBGH4E46QXGIX7ZPYYR7YWYJ4P2VA5UM4YYRL6G5HTOPI,856.1643836
LJAD4A7NQ5VNK3SU4LOTUBSWWCK4CZKGP5DF35SZWT65SEGY3FSQVRZPOY,856.1643836
LTKUXL2TBA6AMUNHDQT4J4LIRVGEKGSIU5UU33STK6O6BPONTYTAGJ2QKI,856.1643836
LVUKDA4Z6PZA2LIMBBEABSBMYWRDP5JUSOGD3ODYGMFMOLKU6YLKJ5CB3U,856.1643836
LVVY3F2J2O7VQ4FDQEZWIGIDP3GA77WWZW4WH5CJBTRWCBMIAUWZKPMZB4,856.1643836
M5XIZ4TWG4NOMSECJJTRB4GTOUGECTW43P3FWBE7HXTZQPKZ4U2VHUDE7I,856.1643836
MC75APUKC4IXFP3B62PJAYGOYFTK7RBM5DD7SABLKTBMPTJLLKWWOFLLXM,856.1643836
MJEIHEDBVU7ZEQDCLDDOZFJMMHJPI3OHN76PT6MNXLHFUKPND4ULGPICVA,856.1643836
MNTUJVEY74CIKFK32WDUCENJXTBRPHYF2LAGNU74F7NOF5A2IUTM47DO5Q,856.1643836
MRXSRCHKSZUKGHHA7WJ4WX5VNIQKV5XRT4LPXZZCUUZA5H3J5ST6OONHQU,856.1643836
MXSTCPV6OGUVHI5W7CFDTJ5LPEPMSFIJBQI4QUNLIEOABIABGF744CVBE4,856.1643836
N2H4AVPEFUCR4OY2KL4U2Z4JML2F4YFMLOFLRPFYGFC7A3IQ4SUQDMGK3I,856.1643836
NEXTPI2HSC3YYRKKMZ4CODEXVFSNYVPHCSFGOUGTAL2SP56UZZVLF5JXNE,856.1643836
NGWMAEES77HPXUCUZZJM7JOOPWNWBRTPRG2FFSW34GGSWERAO53KU57X7U,856.1643836
NPMREVWCEMRJDMPQCLHNMWJOZRTONEOK2MMEANVMMLCMUIZVLEHH3T4JKA,856.1643836
NVAW3BQXFILF4HBKLEHML2JVNJNLKVSRWOUPPXN2XUSWXBXSADJJSAWUBI,856.1643836
NY5VG633DTEYSFYZPMEVDYE3JS4KVWHRFMWYWYSRTL242X2XIT6XXJDU7I,856.1643836
NYCJ7TRJU5UHL6U7ZXVRFXKU6TLXWWNI7N64XOYUSQSYTTOE4L3CXP2N7Y,856.1643836
O5P374WNVR6ZVHOE4HP5XK5MUXXMLRKT7PTVEASPZEK66YGEU3OSS2VRRM,856.1643836
OBDYQVM553FFQZR3DZITBIFNE5L3RYS5QNDHXIQKL5XYOEGH3LTHY3IANY,856.1643836
ORADHH6KFY7A6JUTVVH4SHVUY7MXDWPTROSXHMWVJMWUFS6IKO5KASYOYE,856.1643836
ORORC4PHV2IE2QMWMC3UN6WKJSBYNN4JGWV47FQVWKDFPEZYIS5PEDZZIA,856.1643836
OTGD5CV7XU6OFLKO37HPXO4T627VCXY6DOPBDVMNKAW7A6Y54UBCTMR6MQ,856.1643836
P4XJ5MCUQW3HRPGGBBEKWRQQEBOBYCW2Q7JB4IBL3EDAOYSWG2SSAGUGD4,856.1643836
PCDP67P34XKG62G3BO6S26B5SDK5NUFNOYXA5DOFXWQLXLZBMTDOPXDRTU,856.1643836
PMVYUNXBUTDLFTUEQ7LDC4BL64JRRFJZFMULPBUUIETYEIIW5INGPGNLR4,856.1643836
PP3TK6VNOAK7CJOC3ATHEJRURNRLCYDPFVWVIJNSKMQBZKC4TBKAL5AUVM,856.1643836
PQKSL3LNVC32ND2CEQZY6L6ZXPW4UCDGFSSWO7UMV6IC7ZNHRIPXGQODZ4,856.1643836
PXMEK6QAGDPPGOVF42MYXJYC7H22C3XFZZ65KIHLIQS44RXDZVLGWA5VAU,856.1643836
Q2ELQYHOEB5R6A53TCFB36FJJZZDEP6NUDJUG54QJ65VJSQG5UPLPEPI2M,856.1643836
Q2K5NJOD2LRNMN62XKWI3Q67XXNGIKJSTO4EK5TYSSNZP525U4JKQ7TVLU,856.1643836
Q3G5JHHXO7FCHK7MKNWSJ6DK2IEDSC2H5KCRCPSAGY4N2WVKOBSDHUN7PA,856.1643836
Q7F4TY7YT7U7YH3C4T45TYAR3OLYHHXYHS3AYNGIK54AKR4BDYSLND4GFU,856.1643836
QCB6Z4W57GD7452HL4VRIRMUZ25YEX4AGHCD5M2LQILL6RSJ7ZMGIVXSAE,856.1643836
QCWXAZZSIQTBYK3PN4JSUPVETTOWBJDGULG2TNL2IROTZFLWQGISTUFO7I,856.1643836
QFPW2M6G3HEFG5CFZTI6AUT5CSJ5DGSK53TNCMWQG3BJWUJ4XCUHCXSVRI,856.1643836
QNJ5K5265AD34R44R6NURJ5UOAX57JF5LYLH6SWVWX5RDVMPGX2VXO4NNI,856.1643836
QO36WUWVCV2KLAK2M2QH4WXHJDRIFOWGMVOEO5FCBATTY27WMCBDVXWDEQ,856.1643836
QR36VBICMIJC2HFQP4T33NOLECGMV6FNVIHCDOTA64PUVR5FCICYZQEHYM,856.1643836
QS2HU3VDOZYJUQVWAAQF2MICRZ4QPRI6IG3AQYP2IHMPHR2LGOJBQIZSEI,856.1643836
QWHXX3OF5PIIR4V2OLRIPMCCHN2QNI655HSRRU2MMNRF6NJHIJPZ3APPSQ,856.1643836
QYIUY3KNZWSIXJEZHIHV4YYBBEFDHQ7OIXCCZTW6BRGOH4IJPQQWFZ7ZMM,856.1643836
R3XDGN65S3DF6L55PU3YGZJ4P6AYWSBQETDJ7TLJCYLBTBAWAEP5Z4OVLE,856.1643836
R4VFCDMLXO5O4CWCEJCUVW7AYEUMJW6DYEN53IRVUTZVMTC6VOPMAOVNCU,856.1643836
R6262NSGFMAEWOOUGCIUFDMGXDI3XSLLBKJCXAD5PVJZTY2I3CS6DYLR2Y,856.1643836
RCUXSTOMDC2KI36TIQIXN2ME3DODQUJIWWIE2QISWQH5GB6X6UHWGZH7Y4,856.1643836
RL3O3IS4WZRCAUNV3BV6OPNWLUPFKZG5YER7WKYN52LWL5WUZJFKMY2VLE,856.1643836
RRWWKDPTMVRDQVO66KBZ3SGIHT3EWPYU2IGAJCSF4TBYKZ6NU6VCMLUXDQ,856.1643836
RWWPRMCREMUTSSQ35VTSMH5LNT737K3TM5ITTVQXDSFQH3A2MT3IOGAPBI,856.1643836
S7SCWM3LNJVJS6TDVXDW3S7PCGXOKMWCY6W7A77ISA33VXJZFBFUTIGRSU,856.1643836
SAVSWRG6MKMMT54NGAAG5JV37JAUIAIKTE5MXW6KNLBNIUNEZ3KTUOTFAA,856.1643836
SCK3OF2O7352D6JLWAS2C6ROLPSE7RN4MUZOIHNG7QTXRE56LUPXNGMVV4,856.1643836
SECC2OHCG6NUPOEZEOAMLQEMPJGRIGRTUYF4EF5GRNEZQ7ZLDBPVORNUZQ,856.1643836
SJ4SOBU6DZWCAMFF5VFIEVVFWQVIZSOJRG5FUO64UGNAV6R56JUNTQDPMQ,856.1643836
SXUIYBNDV2YL2C7PCR25GDVUHH4QKI5CMWUJAW3DI64D6JZ4F5OMWJTVXA,856.1643836
TGEEYUC6O75UOCZ3XRI6RWLMDOFBC4ZCPL5C7BFRYI2BRNHG7UMT6EQRIQ,856.1643836
TJHRCGKH57JFWANX6K4B4GMQSFBXPVINQHOVMNRCTUCPTZ5SOSETFURFMA,856.1643836
TJIOXCFGCDSHFYL55JUSGXSJTRSO5KML6W3FVF4TEX4MBSDOPEGLG4AZMY,856.1643836
TJUVSNRBDTF2DDAWQDNLE5B4J2KUA7QQOEWSBFT5OGVPFZX5C25WWG4D3I,856.1643836
TNNVTMDAD3ELRQZ3GUHAPDEUWIYJ5UZRSYRIVBDASE4HKYVWU7OYUMPYAQ,856.1643836
TUY5KHF7JS4DTC6G2OPRQV4DAW3M2LL52DD3LP4HQIJYRI2KGMJWYSO2SI,856.1643836
TYSJLNSZU5P2BMMOKG6PF4FXRRLEHT6LVYRG7TO346FMXTDVRVI6T6ZYQM,856.1643836
TZTRNXJDXOXGERMSC72P6U2GUUDTVT235LLLTZHOZICZXURUZE2MBOSMME,856.1643836
U3BD7GOQAYV7ZKITBIXVSR4E6AVPWLA5ZXLBR6KRJCM2OBIDZWFFQFYRUY,856.1643836
U6AV2CJQ4Y3PHCODKHDANPXA7C6UNRGWZ6ZEFR67TZROGGYNTCWMV2C6BY,856.1643836
U6ZBLIAT4P2PQBA2WWXMDJBPN4XZ3PNBWTF7DO7EKO7PDJ2Y4MJOPYM7GE,856.1643836
UEUSVUHIJDZAKSBAH33UZEYA3L5UHWFJOIRXSH2QPIJ36QZWSKWBPJRFWE,856.1643836
UGSIGRKJWCRLGODKGAHINH7U3XGTEUAMDM4OXKEIOOTYDIDTUSKJN3ZIN4,856.1643836
UHIDDPT27UC5YQAIVRZI5MPLV3V5FDSYCU7VTJN7DPORCOBH7UG5CLE3UU,856.1643836
UMQ4UUKOFOO77T7A6KA7HKBSP5OENRRJ25CB6JKEEWF5G7BDQBSNMCAK7I,856.1643836
UPOHVNJVID64ASF5NNDVP7AD6NS4AIO7IVLABAGOIPRRNZXGPLMTAFOYMI,856.1643836
UUYIBWQ22Y2S2BI4MDPKXM6MS25GQUZ4NO5IBNQQ4XS3O2SNQ5BN56RFRA,856.1643836
UZV5MSKBJRMJDZJYGV3HE7RLC7CGAYSSLSVDOAGIXZTWNKQAN5F5C662XM,856.1643836
VCTKTHPQFG6JTCBGMDGSP7OZOORWB7ME4VMSMQQVTB5VZQ6OE54KMOP4VY,856.1643836
VL2TBQ74U2NFDNVDXO422DQLVPDAMHWCJOXXOO7GTFVQKRZKL7BMXSEFBA,856.1643836
VPBJAHFXZOF3F4GZJTBXQB3EBMM7DQ3P6IGNCF4NVLMUCMWQAQTZBWYDDI,856.1643836
W4JGAPHBKEP3WRYMN5JNCNQOAYA2KEFXJKNVF3FYKDJXDAORFM6ER6QXZI,856.1643836
W53VTTGJKGQQ2LOJGVV3TRLG46CNODCUTFYEGAVEZ4FPOA72IHEF25C2YI,856.1643836
WAUEKBMVVAZPRPJCAG7XFBVQY3UDMMY2IBWR2G3YUV2FXSMGEGYWDFRCBI,856.1643836
WDJ7OELAUYFHKV3BK3KL66XY2ZVLWGT4LQFLQQ3HOABDXRTHCLTAZM4RTM,856.1643836
WKU6ISGGC3WCQBMDBRYN3CXAM46H4PQ3YCXP3RLTFYWHWDXFG4N7XNDSGY,856.1643836
WODC3CYZQ4662FOXIRUXOITNX7FYCVYRQJDZY2PALQFAOFYJGMSYFLZRF4,856.1643836
WZIAPWVU7USA3GETU3HZWBXRRP3BYE64GFGGX5R2YIXOVWNGT23CDXOUJE,856.1643836
X4F54U5CLGMEEIADESRX6PTAAZTZHPF3FH3KQ3VHEDDP36FPKLGYH2DOKM,856.1643836
XGV46I4CI5WFZW45HSISD7AQD4EGA6OG7XZ3WKNYVI2LHJ5WQOS7SP6TBE,856.1643836
XH3WOOBZYKKTOXZXREVMTU7GAT4A6BORB4A7XQ2HQPC3JXJGJIT3LXT4NA,856.1643836
XHFFEJ7QYPXWHAR5NPIZAR3RA7OJS5336M4BLLM776HKBAAK2PLEZNGCDE,856.1643836
XQ4WJMJBBUSUAV3P53YGC7M5ZWDJI7S5IZWO334Z5GU7SN4Y6KZNUAQZBQ,856.1643836
XTAC5MW7A3DJHYM3E4GLE5TGSG2NVMXNDCDRZD5TB6CFWDHNJ26YNBPDZQ,856.1643836
YT66T3S23WW6SS5W4ELEBLEIEQHBSSEUKVHWRWTILHF3WGQIWIEKKBNMYY,856.1643836
YXM3L5LWDINXIPHNWDA3RIZSUXSEC2B5FKLLAMKNJFWBEHB5YPBSJVJTME,856.1643836
YXMISUJWIBCWQ4PUEE2IN3Q4KMVZAPYEDSQJMK5WOTAK2HJL6AX5AEICFQ,856.1643836
ZCRUK6KJHQMU3HXU7DGXKL7AKNTNWCBG7GB4KZQG2QV22QKKY6JG7Q43PI,856.1643836
ZFLIKQ2WIBQWPS5ZFB2AOFUGJ6PEHZD5I3H3K4R3EWRE5NCMK7HQA5RV7A,856.1643836
ZJD6RWK6GMQAFXGVQUNZZQLJBR4DJ2XOFEU3KMP4DN7G7M5RPL3R54BR3E,856.1643836
ZTS4DURSGWXRPJST2NYA7XVP3ZVQLGLCKAKSKJVWTB7XMZGY2KT7CE3KUY,856.1643836
ZWNXRC5KAKULYRUCXUNB6YRYN4RPXF7E7PKZJONRGA3FLB5WSK2KMTARPM,856.1643836
76WJOHCZACMYCZNMUHMIOU5ILFADMAD3VEUO3VE2XO2QCX7YGNGXCGVM6I,868.756362
EBUQSAU6GARQORVAODDZCG3I56GQICOHG6MEY5BJSTHJJ5S5GPZ562TYRM,868.756362
E5GUVQTBWA22XJWCIIPMET4VZPNHOZUB2E3VTRYZOKOG3FIWBCUPL6IFYM,875.9088456
5GQQRWZ2QSJNBHY76F2SMEDXFUGI2ZXDTHC6ULO5OYO7CRD27IYVC253DI,875.9088456
ODCM3IWPLXAKSWGLNWOXO7YK2ZXGKCKF7MY2DAEROSRB2YIF3AJU7SXDPE,875.9088456
HV672BNERZBF6A5AWVG6LDWAK7RQZKE3AWNPH5OOYP56XGWLXH5LAEBAMU,875.9088456
D4UHQNHWAHIWTXBFSDXWIMEFA5NIEF52CUEUJTZQBAKRCOJWTPIRS5MXTU,875.9088456
H67OX4RZWBMUP3XYXSDEXIXIF34BRADMR6ZAZMCEXUG6TJW2MJ2LL3CME4,875.9088456
HPH62IFO43JEAY72XQPKBIBEBBVYRYO6WLJRLN7I3J6ICAUJR4BQU52VYY,875.9088456
JXTF5T2GTX6WRIIDBIIYERVQP2X4FYM5L7D4JSJTYK7TKAB5TDASLBDVHA,875.9088456
RLXIMVTOYVG4KBXEDJOF4L5V2OPLVAQIIPUGBCUJZSVUVLSD7NWJY6EXVY,875.9088456
FYCW27LGNXM3N5RWUDI2KXGMHEGEJNGGSZVJGNBG4XYHD3H7TE4RMXKJRQ,875.9088456
M6ALL2JYLNPCVOUO5QFBPSYI3EAK5RTIQEG5DZX3Y6LRH2PB7AXBAY4DTQ,875.9088456
MEWRHXBZKOJTNTLIPQMU5F2E2KPS3F5B6QSKZY53XSYSXF47BO64NLXFCY,875.9088456
OAPVP7BP6GYF45NVYEBZ75YSDKGH5YGUQWMRX7WCSWHLOXH2PPFFQF3PDE,875.9088456
R4B5RRSJ5TZ43KLTOT5WK6ECLZ7UGGJ4EH3NP2C3UQXMWX2B42BY3XOTIU,875.9088456
FZDOXISTULFJLRVGXULILL4A5X2OMV2YGZZMC6DEXLELFNEZIGC4WJ6XZY,875.9088456
RY5II57NK4B6REFBUCMHIDZUYI4J3UFVTP6B3EFD7DX4HRKL5CNS7AQU2I,875.9088456
THRC44EKQ73L34IYTYPRFPGC3REXKWD2JXHJLWADLLAK34XQAPTWDUES2A,875.9088456
FFX2QWUU7B4XNLFKV7UHRNMTYF43D2BGTZUBOV5MSISSYS6ENWBSWJ5A24,875.9088456
MSHIOHEOJTXF4SKTXJDL25FCNZV3FNNZTMI66WPZ5HSTQVS7POLDG4TMAM,875.9088456
VA4OK63REWDID52DFK7Z4CKJQOPK5GAVGLMW2C5AYZPJKLSSZLITLZST7M,875.9088456
FVHBLPF26FUYJIW2AYPO6LO7R5FI4SVCNCACTBW6VT2MZ7KAPGSYCXKCCY,895.6533086
SAXQKSAOVLL5A5ILALC6EOLN4X3MICMQP3QH5WQU2RHMJDUK4EWB63SAEY,895.6533086
ZYWSMZ7U2BAC5N74NB5CLX3K3JU3F7Q65PF6XSAN4MHHA52MBUIKITGSYI,915.3977716
IBEKJVTVNSR3XCLUOG7REJKVAF3PJJU4AWHEP76ZYMNHKVV6MGXVNHZFXM,915.3977716
DGQXOJDOVCND4N2GOGN4QD5Q5XMYBJG4CJ6NY62FLVG3VJTII2W5IZN2FM,915.3977716
HYN36CJPDPQEG7RNV5VDX7HBGLXOASYZF7BY7OZWJC5OMLDLWHFNMULIRM,935.1422346
KA6DTOVZNNRIY567IFUQP2FWWEQC4HAZU3XVYIDEG3VQFQCP5ODBWVTZ4A,935.1422346
I7VZ5WEIS3M7HUWBPGHTD44ZTIOYXFFNICB2JLYGIZHI2CFCGYEL5BANAE,935.1422346
DCB3QC2V5KA3AAYGHXNV7E32J4UDP5Z7HVQTBCRYWYTKOUUD7PO5UJVZ5E,974.6311596
PNVSXTXFB4P5IXIOTMMEKP46HA5FPIGABHEY52APLNZO6E35ZQFOGRVWMQ,1033.864548
TOS67OL67WPUFAHKSIGXADAGN4FB5FK7DWGBJCCMVIXNARTJF2CULF2BGM,1053.609011
VNX3CP4N5JZR5HJG4AGQLTUFSIELLKXIZTK2PNFISOK4TE3HJQZAN6S6IE,1066.200989
54I65DE4SBMBBQB7W54INEAQ6E6ZB2K7NVGCCS3C7J4I7CPB52HRGBR5DM,1073.353474
45IO6L2NR6MBWSOC5G7OOGOPFSN7TGVZIABO6VSFOCFSGWNIB4PRGPE7SE,1085.945452
AHFUCLKQVZGKNP7GFWKOODDUBUPP7FFXQOYWH5QKGFNQJAVO2MHDMPPJ6A,1125.434378
DLLBDVPJ4C6NLD3SEFX5IMXJFGIEY2PNHWGQHVYN6EM7OBVK5UGHKCCLAI,1145.17884
C46D7INVWU4U2CPOE5NVZT6ZB5NWOLU57U6BDTRFGEDWRKHTT7SPG3JTCA,1152.331325
VOIDVXL3GW3MYYXJ5DY3PTTVWSAZD4VFSIQCL6DXOBUFSPHGC4RCKCLD5E,1152.331325
CREPE2LPXG7ATFOBJC4RADFEDOQI4N6BWA5YPFE5JKWMHG7PVYNEQETHGU,1231.309176
63VHG2ME45CQC6GSX3GQ2RGWJWYR4FOBPBHNIOS5TYNNTTXCHK2XRJ2DY4,1231.309176
HI4GEV4ZU32TGWUPKC5FKNCK6DZOLX2RRX4BVB3QG6WUHQ2UAS4GM3CN5U,1243.901154
3KY43ES4NMSH5R65QD4LJYRTVVW6GCG6WTMKW3OW7JRMZKYQNF47BDCTCI,1251.053639
ZKR3SXU5F2GHQ4FS7MVIRONEIOL2V432LP756O4R6HRW3H7XU3SKYDW3PQ,1322.879005
U4LDHFTL5JMTEIYHL5K23TBOSJRJWRR6DOBZGR4JDQXUMK3CMBOHN2RFM4,1362.367931
RO2A7K5HYITTTO3ZESXKCYOA5U4PGQ66MSFXSLOUVTINT5VRSF6QKX3Q7M,1389.264878
65Z4RSSNWO4N6BBF7FINJC2ZE6F7JBVCEFMKKMWZ3RZA7VTX4RXZWCLLVA,1389.264878
DYX2V5XF4IKOHE55Z63XAHVBJTMYM723HK5WJZ72BDZ5AFEFKJ5YP4DOQQ,1389.264878
CUPSW5ARMM7X4LH3HS6UPWAFBEH3WACS5MDU3HQNF6RDEZ7KTJNNKZ2KO4,1401.856857
PINWUFIGWV7IK2YGC2KP4TOVQA2UMWM5GSTIKG5MHJUSPJ5DCHBNSPXJKE,1468.24273
YQX76UDXLZCWKNDYMPB3YX4SBK3DQZD3M65AUH5TVSXHW3TYDEXYRQY5XA,1520.323633
Y7AR5SCVH3RINIDG3DEN7ATIKHI4QGWAWM4SMRKVK6NWHDUTBJ5CNANPN4,1520.323633
TBKH6I4TIKO6OV35BBFB74SGPUGGPZ7QINKPNLSVG24OR5IUKHDIXHFDGM,1540.068096
WVR5E6DTYU2DLVGXQ6D4VCVGTDJQXIKKNQNABOOFM3QHAG3DX2W3PZOBEU,1540.068096
2RUWJLV3Y4NKXH3S3FHER5APSZEA7QADP2T4RO5B2Y23VI5ACTLK4QGJV4,1619.045947
MDLTJBP55BZZYERYHYFG7OU42XTOC6I5242R7MFDAXUEAURAXYL5KDGAYQ,1626.198432
T4MLMVVRB3CAVD3I4GN53WDP2MRUB5F6B7NWC7A4DJQW54RR7UHVZOTKSY,1626.198432
UH7QFLM2GOQDXK76A7ON4O5SYPZPHMIZW5AA4TSDTYKDLZH2YENHSWFTKI,1658.534873
OPJ4Q6LQV4IW4YSGFQ44R35EMDNTV6YKWM3UNNJLRK6R76EE2Q2FI463NI,1658.534873
GBMQKLDAQX6KC3ILZRYUNUIKSB54QF54U5QUHLCDTFPIRLQ3TX5K64LSXM,1698.023798
C4SUISHGS3XW7YPXAXCPOTNISUKABNG5GPGZVXNHRKBEOYDDIO4XJPXHJM,1757.257186
A4KEV44PN6NX5R2FHQZTRCAZ6QCVARO3N7EK6STLV73FKH2AH2BGLAW25I,1803.898597
WLERBET6V7ROENF2GJ5FIYIFZIIDVRK2XD533CNDH3R5WTF74RHBRVVSHU,1902.620911
YT3PMBA3COQ3HLSRYBQZIPWZWA7HLWSXV6JLALNU3PFPH3DZMRJEH33ULA,1922.365373
3KVGJ54TZA5NWDGNVRVUTM4LFYHQR5OK7QWCB7CV45KGWES5SQOPFEK46U,2013.935203
JIMP4DWJRHN7NO3TOLWQ2K5E7EI7DIHUKRWHVNGIC72WKKTW7OJHOD3JMM,2033.679665
EYKYEKP7CIEOWSGGD7VZRB26ZAQ2WJ4W7RNUY7SPFMPCDB4FLE3H4HIJQY,2119.810001
XHG4KQSL5Y5WXAIWFJ7JMKPWD5CG4NO7DYX5ATSO2SFWIZFRRWIIH45OLU,2152.146442
HPLHCJNXJCTIOYABZ2LQA4D2WIJXRNVPLS3FYR5LTAUYZ4MHY2QHYWFPGE,2270.613219
P7OKR4YDFAH2N3Y2DRYXLZ7VDSCOIFGXKQO6PEW4Y5266RJOKVPWRXKCZY,2290.357681
TG4XRUVGGQZOS6JYNRFN5EWBL2ZKWKZHIOIC2OKURX3FPFYKFCYJ7X44M4,2554.188182
SW6IYGKD7Y4B3JXPL6W65AMNXEX7ST4DDRR5B2YIMRZN5H4TVG6D4GBZ6U,2645.758011
OIEPCUK54OUTO6N4PLSJXHWG6UNMJYTZPTUN26BPGKWGEKQ234A5EMSYGU,2665.502474
LVFRJU2ULHAPUPY2XVCINL4VONCWUS7GKODAIFM6HMQ6N7IL5QMTLL7DFI,2771.377273
RT72SYRHVZVBRGVVHJ5QJ2BLNH32BUFJEJ7HKHZAA7ULNK5G5GPEG7RSJM,2843.202639
ZZ5L44EMOZW27WVGVE5RW7YDKTFMT7F7TZTBAUNTSXBACJZXF4MMWFPG44,2922.18049
EQ6UNJOA7VPH6JBKRB335MZ3FSNI3D37VMQM7FP4GPLPYC2I5SS6VT5SLY,3020.902804
PEACET4BV4AIUMZT2EHXPI5PR6NT6HKPA2FNLOMS2NILIUKRPTYAGVG7IQ,3107.03314
22LJ6W6SWORMXQAA2DEOPYDP5ZIY3Z5327Z5NKQYTA6PBSHVQHX23JH32M,3264.988842
BWHDXT6H4EP54IE3ETYXR3YATEXNI7ABWYTX3LQVBGTFQZ3OK4QAQWFLLM,3383.455619
DQVAPFLH3ZOG3LJPFCDATKKTO5YXM77ENZBAEO5LPL7AO6QASBEEKDVS4I,3383.455619
QWMPHWZH2XWGHUI5LNK7N6AX7PU5WHUZ6RBNHAQPK2SH72GYLJI4G2PQKA,3442.689007
LGJEN3WNFRBRCI3BFFP24SMFBBDKV4OBRCJAILPKDPKUPVZJZ6QS4IOL2I,3494.769911
MNJ6Z4VNWHJVPRIS7M6LZ7DUG7ATY7UVSYUKMG5MCXRLDLPAJ2DKVNBF6M,3534.258836
NOOBCIJETEMWKOKEHA6M25KJFHIZDHAKSLWHKQEL7BUJ573E6FY33JDU2A,3738.855949
PQK7IIGJV5MAY6S66JQ3MGDZTINXQSTOQOWRYPLO5TQC3YOLEBDWGYQBJI,3909.403629
FDGCQJPDLGQW5HEWJYT2ZAHATZ4NTH5XGGONAFXFHFXCG2FJ444544FMJI,3968.637017
7WO47R4XY5TIO3YP4KFK7RU6Z72YL5VPPIOM2P5NNFH6YFYLQZVVJWMJFI,3995.533965
FOGDO3G27AANE6WVW4X4I2PVQJTDZVGQNOPVCELPM4MSDLQQ5PXOGKAHDQ,4027.870406
CPAHKZEC3374EO72PI5UNMCWCU7I5YHMOXYDMYIW6WON5XSTIW7762WLWU,4146.337182
RJH7ZJCQF3UQE3LAQJ7QQWKYYK63JDCGVLC2VVLZXJFWWFYG5GBID67RGU,4311.445369
C4L4DOUKHVR7I727HNBWETTV6QKI6YGKKQP656KRKEX7TSOYUQQYXFWOFY,4383.270736
P5WHLDIKRXM6EQZCN7UPIXRSXFEPQC64YZZJ7SUNVKK2W7IDJMFRQLCOY4,4442.504124
S25HHR4YAWDWGIJVKDO5YUSE22CU4LUI5XMFFDU3EYOJAH5SXXOXT2UU4E,4501.737512
K3LW5DWCFTAKM4TWB5O5O36X6SAH2O65KE3RUJDYFROWRHHXEHELN6UT2U,4896.626768
NFZYPGTKBAA2WNR2N4G7HUUA5R3BEXBRLUAPH35FS2ZBMAMEXNKXGFSQNQ,5081.479417
TUTCKOCEHC4AU3XC444AHFIHIA7LXDONENWQN5M6UHIBQAU2JIKWNISR74,5252.027098
OVIWG7TTPASQATBNAL2DYF2CCYAOUWQGR6MHGXL4Z2CITFR2QYTSTR2OLU,5252.027098
KWDEXNLVLBYBJUUFTAAQ7RYLJKBOJ6IK3NTR64IWD46ZNJVURWK3CSNR7U,5587.682965
FZPGANXMQIHVSWYN6ZXS63QO5A5X4LEYCB4O52IP37HR6LY5RJY6FRC3LA,6404.358423
SPZEBKB4A533A3KVCQA2R2EHQA54I2V3TJ5KGGXXSKMYO2MCEPL7LSEX7A,6594.650566
KI4X5Z2W5A6EN3S7EG4IFWBFFPGXYMRFWP5A5BU64FUBJ7CARA3SEKTNRM,6641.291977
UY4K5DLU6TBZVEMAZGXYXAI63M5ZQDXZHSBHS672A23DHOTM7A6XB5BIFE,6653.883955
KFTX2JWI3Y7MQFFHS5MSV3VKSAOOWXQSFPQRF5VFFB2GMXZDWLA4X3TTJU,6693.37288
CAL6HQKCWXZE2LQKLCFST2TYDU6GPUGM667B2EBGO2WSAUUF2XLI3K7LFA,6838.736604
TP33CGHWFSRX5FPVRUF2M2QXUMZE25KBUTYY3FQD34RDQF2B5Z6B4YKJXU,6871.073045
O3JZKDR7JFOV6LMVN3HCHJJMVVOGY4ULKAKXUPGG7ST3T6AZ7RJ3ESOGQQ,6910.561971
C5NZ5SNL5EMOEVKFW3DS3DBG3FNMIYJAJY3U4I5SRCOXHGY33ML3TGHD24,7075.670158
TEMYTHMFMRH76PELHSSXYOZBX7P7RCHGXHSSTP36DLOHO7QN4TMCS5CT5Q,7088.262136
O7DH5UWPGWMPRXGUPPBB2HZQ2U5IOAMENKMKOOXVA4RDHGAGH2QLRAB7VA,7660.851556
32AWN6KB6VTOYEORKV32TPI7HF7QEYX6RZORO3366GY3H5O72BX7TSAXOA,7739.829407
2BUE2RQEH6HCD6ORKNY5FFQR27ISKNOUKP65NCXCUBU4HYJC4CBZWZA4MY,7957.018498
CUY4TINI2DHV333UUNGDMVD23RDY7LMGEB2ZP364OWVLAWY5UGXR53OVOI,7964.170983
KRLEG4PFZBCEZU4AMVK4MOHTRLVI5IDE2GCVT5RBEOMT7KIFYVDUFDSCVY,8470.37453
LRSUSI3IRQKI6QJTYBJWU6HHVUMEKPR653UNGHIAK4Q765NMBLAJOFSWCI,8628.330232
ZWES7RROIBRLGZGAFXPUA2RJ2RKN2ZPJIIU25FOPEQBDJYNCADBGA7W6OQ,9477.342132
FGHC3K7W3UE7TRIRZJHXZWU3CUCEGQF4CG5AP3RUV3KPQZQ7WZHPEM27W4,9497.086594
E4IEEC66DT5L7SXSSSGANOUFKSPOGAB24OIOC5JWDBZKWMEYDEXEMFQZXE,11392.55502
XQSCDJGMNJYCEAHQMHDIGJSTBUCS7M7CSXV2J62P4Y2AVOSEP7TGITX2HE,11550.51072
RNEGLGIH4MOTTAUPGNNWXPZX56LZMAKN3WHXSIABPGUDR4I6JESVCO5Z7M,11735.36337
LCWCRHZYFQZ773WXTI4RGE3LVWFMHXZAYN6KMPTYZCVMIYWRPODCEC32FM,11984.8889
4ZIN4GDZ7AFUBHP77MHUAHNZVFOKEZD4SC5DGSYMYXJ3HDW2VCG3Q3R24M,12288.20833
2RMPWZ6VDF5FKNIWLQQRJFMIXRCOML5NWB2XBLIUOVPQCW56F7VTUQCMAU,12702.84205
KY365AMFQGU2XR7RMMLUIQLAHJVR6DCQDDITHH37I7V6GFV727NZAZCGY4,12972.86
ATGXE4RUYC556A2TGMMGCIKZUAOM3KWA2VEGL5HC5DOZAUK6QDDYBH7C6I,13149.81221
JCID5RLZYBD4HNHJCDU7NZJ2U3FNXYG4THM45UAYHGBR5UNBQIMXMA6FHY,13165.71
I7536J43KXWJD5M3IDML5RM2DOXE3IPBDMUNL2LEXSIT3SX572TPJI7DHI,13356.16438
GLATXZDISJC3I4THUEVP5ANTOG66IGPOIIGVTGZ6RGY4UMX4KMAKF4VKKM,13742.14609
NBI5VML47OINW3HGG6OVUMTXRTKTHSKDNO6OJLWJXTO6YH7C5QHXKU7DK4,13867.76535
NL3NIBJBATMITPDMKNRILMGRQ3IM4BGX5ZGJSUXWFDLJQE73S2D4H36QKE,13986.23213
HLTLJ5W47GLNOG5EEXPYZCVSK5MUHFUKBHA2L2PZZGZIT33GNTREZ2AUXY,14038.31303
7VXBA2OI2QTKOQEZDSSP7YVF4ZMZDXEVN67RU6XR7ZYGS3ZXWWTX4IUZJY,14571.41353
K6U5IDMQ5V6XWP4N5RYRVE5FRRNRYABJ3ZADTI3DY5SHKPUAXF3NZBDVPY,15080.93
NCDN6LV7GQZEFDHIBQY63E4CJUT3M3BDL5VPKEMAYC247UZY4EIILJZ6CY,16269.43733
S7JTZTHHIGPRIZ3VHDH4QJVRFYRI4QTY3V6DQEMDAS7D54EBLI325P4OOU,17039.47137
MRMSHGWZZPUJ6DZMX4EMF6EOL42QBTDRLMB45D5Z4A5B7TNAVS3QVVBFPU,17493.59402
PU7ZLE5BG7CIO3DJCSS27YO5BVRASKWUGINQBGCPHUFHAQXBGEMMVADFEU,17552.82741
55RFGM2M7KG65CO5FLJX6BGRPOINBS2KGTNNXXTPY7D6JACXUNRPET3DEI,19211.36228
FRK2XQQTMJTOJMONDBV64IT5D5N7MKTKXYBSDOXYSCQMDT3PQ4PYGRRARU,19470
GCETR24IQSBVFRHEVS3A4TUC2IUKDFIE57MP4YU6CTRA6U3O3CAGGNEPWQ,19793.72
F76ZRA5363BHN6R4WF4GZI47UWBP27U5G775BS7FVNWA7PZCG7V5XM55PA,19949.05989
TON3ZBCRLESNCBE65YGU2OZKNLOZB225A5X26KDYQ7GA6UHHLQVJ7IP2PM,20553.98575
WXAXQP5FUFZS7UPQCWD6W7ETEJCZVCP3KKJJKZXZ4T7HXCEVXL7XP2YOHQ,21995.33153
N6AHTV6CXJZSUHU6VBZOT37ATLUIGR3IBBBPQHCFJSH5WOOAJVJDOGPSJM,22259.16203
6HSHPHNFU4GHSED5V7XHVWGY4DMOJEMWTIT6B6H3ZKSKVOBXVUCBB7Q7WQ,22350.73186
KEWXZZ5NTVGRNG4Z3E4XL7QXKTP656QZIYYIAO3YGSGBKHPDE2KFE4XDVQ,22429.70971
NTBL2SMLGQ5PIQH54EYCUDXJLKDH5TEKHKA7DFIVOQACLZG2STS6TDUL4U,23101.02145
EM6SDBCQVQDXOQESVEKEQ6WV5XCFYQWTSFYO24Z6UYWLAEY6HFYVG5DSJI,24641.08954
ES3QRZXUXERQCG2FQPTF7A44VDLCENOSQ36PPDYBR5O3YWOB6K3T6QT2XM,25220.45438
LJZX653TWG5BUPVPW4U46V6RJDUA5G2FYUIBIT7JI7XM7TBYPDCA7PTMGQ,25371.63467
DFTHCQMJHWMBOEMUN4NFAMI5WHMIGTJU6VZLYFV4UAXDB3K67APPBANQRI,25509.73438
INQWQP2WU57WEQIWCXJ5FGQE7WKO2TWC5SQHX5MJPULHMQ37ZOXN3GYQFM,25907.14
VDEVK22RGTKEE4EVKRTWVBPBPBB3IOFGO25RQCKDZCLZMRBKFBNNECRDLI,26137.1929
ROC7T2MCEL7CABDA6VAMKLGYL6PN7BSEHEGQCU4B4PTRU75GC2MUSBKINI,26773.49152
URFANYZIZPZFOCPUE6PIRY3ZK7IHP5MRXZBTJ3I3YG526CQRVWEPITEQPM,27365.36
3JMPVPMDT65D2W4BMNQ4WOKHTJO6Y67J7IVANZ4ABOIRWDQAOIIJB5XHK4,27513.30438
TGEZN55JE4WBRDNUQTOZE3CWETNEZW4LWKBGU7B4JFDTAFVLVN2PIABNCY,27563.27003
KIEHHISESXL34PKWFT2V7D2GXTCRZWV2DNHG5LWK73IDFZOL6OQXA6KQ6I,27918.67036
SLX6HVMIT6H5NJKBP3XNFW3GSN33TLLDN2XT3Y2FOHUZ63PRALYPBVDUGI,28984.87135
LFVPFDW2KJJ3VO62SFERAG3BVT7NRPU7NR4O4X4BLJNYLT6IZN63RNIE6Q,29794.39433
VWKCPRH64UA3HWTMOW5WPHTIBIGW55I7OFFRE64KCDHQT3PONG2ECPVJXI,30034.98
ZGTNDJPG22JIPKS35JUXN4S25A5FLV4B7ADBQFOKZJFGKVPIZFWNLH6E6Q,30327.49482
LGLBJHBPNCHOJ6X7WYO5BBR36EURENCBVG3M5TT4MPLG4E3PQ5J6OKBYVY,32210.12
XKTKTIKSPKYPNEVFJ6UCPDK23NHGOU5VGQPKNYWT5QDKHI74VBDZE6LTDQ,33032.48622
NNF6Z27GXUGYKQ4PU5TLFGKLIZH3YS544SLVBTXNDZ2BLCBV4YYNHQEK7Q,35093.06284
NEREAS3SIA2VPIDLNUCM3NRZMBEZZ4BXHSQ3N2LMSSAPQO6U6WLDNJYWME,35327.81
ISPHEHIABW74OP7DXIU7DI3WKR5XD6UOVZFPZ7KJIUF27UOXJZ4VFYBKHU,36904.78
7RB7URC3TAEVOPUFIGXNTOV2525ULVCGSZ35DHTGMMBZI7XAIIUWVI5LOY,37235.29438
K7UISBCIZEMQAYXWPOYVL6FDF46XRA6GYGW7E2RIROYTAT5XZ3HBUGQCSU,37317.86
ED5GTY3JXDFEN4NCYB4KMYGSF5QGRBFGH6RM3D6JD2KJAWTHMJIJS4QK6Q,46971.43
PROYPPSWKWBGTQNS4NYWXDJZAVE5LUU7YGICQABJ7VTC374ENASGTZLVOI,48267.86
ALPHLNE73I5MVERRF3HCKCKQO6Z6J3E62T4A3NE54QYPDWBI7HNUAN4WPQ,49045.80438
U2CPUYXJJ45QP7MDFKDZ3TK2QK2E4VEFLLFSS3NX5GUFRTOVGPPK7NPF74,50000
ZHP62GN33O7LM4LUA5WRPM6CAZIO2R445UYITEU4OFMB6GMM7ABP54N6VA,50710.71
4IIYAT5UPFR6NCN64XXSDMCFOCJQEZNXUCIT5ZOQ5HPDWVIULXMTSZDZEE,50789.91074
EWFMNXU5PHBWKG7RBEUA76CXRSJSL75JABWGBAMZREPYRMW53SCAPL3DW4,50856.16438
UD5LOVE643WWV7CFQVMAYW6L5J6OW2ST3TTYYIKGDSRC3AEMFKV2RC667U,58351.07
RNKC72UKE535HMN2XIBDI2RURW6KRX3BG5CCXEKCABVQM5WFVTCQ5DZCIQ,59825.72221
SLMEHTBKAABRMF2S4BBLNQQ5QDYMFQHW5GYV3ZRZ6RIAJCQXZW67KQIPGQ,59849.02438
LXEJDRTWHYKLS4ZU5WSSA5C3H5M7OH4SDPID5VFJAO26HVDTFJWXYRSSXU,62500
EUSKXVC6SAZ5226QJCJDNYYCUJY4NCU2FM4MXEORTZCDIWNXKEYZ3LHXFA,65966.25013
37RO7L6GRQNWAAQEXKYKXA77E3O6ZJ6MFR7TM2QT5PP4WI6745VGYCNCZE,67012.70666
R7TBR3Y5QCM6Y2OPQP3BPNUQG7TLN75IOC2WTNRUKO4VPNSDQF52MZB4ZE,72007.28509
H5GAQHK6PYYBAG4E25ZFZIDLWKVRPAMIMMZLKPJVEWU3FZQZAPUA3CLEPA,73935.71
K7PBRB6OBLWSPB2XZGDDRWHXXG7WUFMPTLWGZG5WQGVF5YN2W5KARKEXJU,75000
NTY44YLCG4N54ATLBAF4IYYMCSDCBKJ5LBICTE23IKNX7KUFX6F6OXS3SY,75075
JL3EDLOPLHZEMFADKENJSVK3ET3I4UAGV7OFPIZIRP3NNPLRW5DKRDMMC4,76786.21573
TMEF56RIH3LGCRSNWCIFABD6WJHVN5TYLGXA2ZWQY7LEIXXXZBSKF6G6OQ,86490.09438
FODFE2T6P6IGQQ7SG3AIVN3OCZWYCGHKCWWGC45KB3IKM266OZXYGYHDMA,98305.11983
CQ3MWJGRUPEKRZ63BSEVEFMSCBUHAS76LAC3KKTDJKFHTMKP5PDVKRKTIA,100316.79
WRKIE5BMYYOBLIRQ6X5AM6CBKSV66MJDAQJEZJ76CPH4KHMERAF7I53OJY,101837.9244
4XBXQZDWWAXFZBBEDIOQUBY6JH22HLC2K5A7XXJQISRDBIXUEAF5FAGNXE,103917.86
OVDREAWPFXYWMJLDRWI3LHCIIEDTZI7G7LK3AFLZXSBUSC2BPK3QGU7WII,112500
7XAWAW2HHANKIOMDZAPONI4MKKLRCN26ICMGZO5LCDTODOFNSDV7MSPYPI,113412.1942
QDTNSOACJPBVM3MXDI3BGNXGNNUG5KZUWXZWGCRU27ESBJNFG6VUKSTWDM,115797.9544
H4F46WCUMJBTVCW7P466RJJBTETOKOQR43YALSWXA5DUPEKWTFGABNBILA,117440.0646
LCNJXTMDALEQTPS7SPZGU5JJD5RDTVWRSQGH6XAI2NP4CWUKHZMPSMHQMQ,119118.7944
NGQDBWCPJIG7GEH5VOLMB4SHZMSVJAA5VXYAJV35QCRT5LSRYAIGVTAWRI,149817.86
VGOZ5I43XKVKGPEJCOKE3FAC54UGOZH6NL2GECUOCSEWHXBNVHF6WTMDKU,150000
LLG4LGFISZLJ3QXLCZFY63DOIWKYSDJDEJKTQBFAASOGXXFEQQBIS7W6NM,156137.14
BXELXRIEXG76YD3DRHKXM26IVM3A3XM73SCL5GRPVGJOC3ORU5KCOHMFFI,162933.21
RWNOVLS5ZJM5GHM5WXIRMHG7NHXCYWLWYB5E4DTPILHQ7IIVNM5CVR4PVE,174340.71
LHNG6JFEHSVFDUA74IGAH5HCMP6E7S7ULWXRAC2F7MM47LYC2B7TU6DKAQ,209131.1644
GLOSSYXX5RTAPRAKN4VOMO3BWPKDXMRQ4FJO6DNEIF7BZC6W324VDMR5CY,228066.5244
THR5YY55H6VRJVMI5VECAIMNTCE36XCO44S2WIXNFDSRWSIHLXCGQ2H6UU,234982.5
OOOQETQ56ZLPXIHQT2EAGFSC6VRQN2QTJWUDCVAWHYA6GHDHAG5UMHYLQM,276540.9456
EM6YOBT4UOMEGWZO74OLOSA55V6EH6DUQSCAJA6FNMQ5IS5U3GZXBUR2OI,286777.5382
5YSWBQPVJMUAKYZ5U4V3Z2WLUJDIFZ4RLOP2N37DZ4V66JWF3WWDZZRCNY,300000
VOIAGERRJ3PEOLUX35M5LQ4RVVV3PUYJTJ663EARDQLHXJOZ7WNGG2KEIM,324715.8044
US5RD5GQT5Y7BTRJPLU7O43OGHVFMJPOEALOZUEDB463MPT4XZAO2KT6F4,332121.43
KIK6Q7KGC3HSYX3MF2OW6R5SS56AXRND4WPPBHOFQCKSKF4X6WK65ZISTE,363693.0043
S5WOCLEPWWBQSQVDWNTCPPNEUTKJV2OQGUVQ63EUO7K7X542XLNCALFSUM,397565.4544
ZZ3Y2E2OYGJUXG63UZC7PTAIM5AG24SKCNK4H25EEQMB5PMXF5GZW24PIE,397860.5488
VOIUK3B5KQXVMVMYMLZOELHNABRKV27BP3CZRIK2ZCF7HEFP4F6APX76NM,792118.3654