Address,Amount,Note
B5AEQUDUSADZXTREO4NXLRVT252XCWYY5RMMTUMJ6VQ35NGNL7TTTI4E24,363693.0043,compensation-preblock
ZCMANJR5AIT5TNN3BOVGVNH466AJAQIR454ESLLNFWTPEW242O3ZPBTWEI,113412.1942,compensation-preblock
GZ24DF5JLXD7O5LRHZ6AZ672QJKQ43Y45ICD7GR5OJGZX5OJ5SGNHZXKRU,27918.67036,compensation-preblock
N6AHTV6CXJZSUHU6VBZOT37ATLUIGR3IBBBPQHCFJSH5WOOAJVJDOGPSJM,26773.49152,compensation-preblock
OI6LLQFVBWI43DOJYEX2SZSYQQNXQLWVC3KGSES5OWONNDMA3XL7SX6DRI,2013.935203,compensation-preblock
NORVOI324M6ME7ECXBOXAHWIYKV5EM335OGA7S6KVHBQFXXZ7FYVWIB2T4,1803.898597,compensation-preblock
2OYYVM7YQLO65WHHCM56JHLFGNC7L63Z2E2USVOCYDLV55DZAWHETLV66I,1619.045947,compensation-preblock
KC3S4DPPT4WBHPDYWCSK55RSM42GH7NZKZCCV4AR5ABIRCYGXPDOFP3IQQ,1362.367931,compensation-preblock
FVW7VRQ6W2JOG57HLHBDF27IV3OVKCGQNPEMT624RPOORGJYMFM5BIUPWM,1251.053639,compensation-preblock
MPYVBN7K2TXP4MVGAZJ7GO3BEMEXL7PY5OK4K4RVM3JAY53YMUHGALLZDU,1145.17884,compensation-preblock
2OYYVM7YQLO65WHHCM56JHLFGNC7L63Z2E2USVOCYDLV55DZAWHETLV66I,1125.434378,compensation-preblock
QZMECVQU4K3TFBKUDOKCG6EQNRCIW75NHGYHSC2XFI6AFWF47SYNO3MDN4,875.908846,compensation-preblock
2LA6B6WD3TCVLP7CKG2FK6FOHMJPYAXFJB2RZKXNJZSIAYREZWSRJT376M,856.164384,compensation-preblock
33JSCWIPL5EFN3TVO6ZAWUP56KNORNUC352EYVQPCCZ42TDDZAWQVXAW3Q,856.164384,compensation-preblock
4FT4TWM3AL7SYTCC3PMPMEKTOMBXIUICY6LFNLGKGS73O336PMN3IPG6FQ,856.164384,compensation-preblock
4IPBMO2B23GXWDXN4ZSAC76OVFYAPV7KPUCI6NPTK5BYBO4SNRR4HK3FK4,856.164384,compensation-preblock
64FB55TU7QVIB5S7IO74DYD4QHLOY45VVJOGXKMIPO3RC3U4H3KSMCPMMM,856.164384,compensation-preblock
6EMIIFYZHJQDSYET63QMLQZRL6LGGQTK2QYNC4Y4TCFLF4LF45BSON4D64,856.164384,compensation-preblock
BBC7A5QMAMS45VQBVIGMI2OVF234A4BVWUPEQKFAGCIBVGUP45FKMDD3XE,856.164384,compensation-preblock
BSCKOQ4EPV46VT6JZYQTORTRCSD57DCMAX5JJCSOTPVYJORD5RLGGLQZSA,856.164384,compensation-preblock
BXDTN5GGUKLPP2FZLGU6DSBB4Y7BJCI3QHNUU7GTUGA2ZOVQ77U3MSOISU,856.164384,compensation-preblock
C6YYUZ5GKITPYG5GDFYLHBLBEIFRCNCK42I36TVNNSJAS2YD2RL6FCJ3XQ,856.164384,compensation-preblock
CJGG3RLQUMTUBUKIPD7MYZIFT5JOI4ZAXDTCX5DM4DAZ4JN6MLGFR4GQTA,856.164384,compensation-preblock
CJGG3RLQUMTUBUKIPD7MYZIFT5JOI4ZAXDTCX5DM4DAZ4JN6MLGFR4GQTA,856.164384,compensation-preblock
CJHPE4333YKLLY5KZF2HR5G4YYYI6RO7JPJSTTEE3KZNNXMQM5V75B5P6U,856.164384,compensation-preblock
CVMLXGFWTNW7GBRQZZSQY2UHX2Y6CEHWCZV6NMXO2GU3T3QSQ6FKTRQNCE,856.164384,compensation-preblock
DBWU2IEHYZPFZ4JZN3CAO4D43MV2RSBOEIER6T4UXHMZTLH3T22GZTSKZU,856.164384,compensation-preblock
DBWU2IEHYZPFZ4JZN3CAO4D43MV2RSBOEIER6T4UXHMZTLH3T22GZTSKZU,856.164384,compensation-preblock
DHT2TX4EO23VU4RUZCG37TE7CFLG6I5T44QZSMQIQ67ZTVHEFQDVQET6OI,856.164384,compensation-preblock
DJAEAJPYEOJYE2TBF63PM2HWOAD64KWXYUXKZVNKEG2N34YR7O3MIDIBFU,856.164384,compensation-preblock
EIBGS5CZO3FCY7XGK3GD424HJD7K6VAHHGKIL7EXPYRPX5OFOK52SZGI2A,856.164384,compensation-preblock
EOMRKBSH2SY5WVXF2UCBXS5LVUH3ZIJTSYMMJMZA2C2LBFEVORHVWJD3KQ,856.164384,compensation-preblock
EZXRXKRAQMFM65GR2P3UZTVH5BJ5VUGLUU2F2UFJYIRWK7UMBVF64TZRVY,856.164384,compensation-preblock
F66YHTHD3SW4Z2YX3Z3AFMWQWEY5LVYFOCEIETU2FWLZ5DZMED2K32H5QQ,856.164384,compensation-preblock
F66YHTHD3SW4Z2YX3Z3AFMWQWEY5LVYFOCEIETU2FWLZ5DZMED2K32H5QQ,856.164384,compensation-preblock
G3MSA75OZEJTCCENOJDLDJK7UD7E2K5DNC7FVHCNOV7E3I4DTXTOWDUIFQ,856.164384,compensation-preblock
HAXENOHZZNQVR7UTDGNFEQRNEY2CNF2RWM5762CVAWFEHQT4IZG4RS7HSU,856.164384,compensation-preblock
I2HEJRYDNQT7XYAINKMXJZWLBNK5CILEUFOYQ2NYPZB7PU3JTW776PMNHM,856.164384,compensation-preblock
IT7NQKFAKCGGSDPGH4W7YNZRXQSZ4WTVOSCOFD5VUT3ZESZJS5CPTVTTPM,856.164384,compensation-preblock
J7YMB7E7RBT4JZDTH3WRCIHGF4ILAIYMFXI7WOHOWVPA3UWMKVMTTOHZUE,856.164384,compensation-preblock
K6HQKB3CN4MA2ZEUXIOMGQ2HRDTRVJNA3VLLJVTEEBAMAQKALL4EFLD2HE,856.164384,compensation-preblock
LNCEUKDXED7OJDWQL2TKWOXCSVL4S3XQMSPREUFIGZJAIQ4F2DY4X5FWAM,856.164384,compensation-preblock
LZSKL2X6PLYI5GOQKZM6IQF3TGZVASAQYY2LFRMLPAD6X6M4AFNPMWSHEI,856.164384,compensation-preblock
N4QNRSEJ6BVLY7RRES2AFLYH3OCJQRZDZYKXEZWZWSVZHAOHY7MI7P6KPE,856.164384,compensation-preblock
O77LJOKLFVZBNMJ23KWITXM6BC2HYYW74HNAIO6KGJZ6CEHNFFPVCYVFJE,856.164384,compensation-preblock
OEFMORUPNZUVRELNRYM3NWYLTHVRYMYBTJJLDD2UN4KLU4S5IFAWJ3S5XY,856.164384,compensation-preblock
P6I3UYO5CLCIBALDRHJKS263EVHZ73UYPX6NJUT2JJECIFROXBOJXZ6TOE,856.164384,compensation-preblock
PYMNB3Z66SSPQKHMNOMQXO5TUM3CBX3HBQT6JVYEVZY2HV3V6GOULBD7AA,856.164384,compensation-preblock
QKHXEAXOC3WO72JJS4N4KWVVBNOXNXVUTRQQSURSKJ2KRWMELXSVJ3VXEI,856.164384,compensation-preblock
QKHXEAXOC3WO72JJS4N4KWVVBNOXNXVUTRQQSURSKJ2KRWMELXSVJ3VXEI,856.164384,compensation-preblock
QZMECVQU4K3TFBKUDOKCG6EQNRCIW75NHGYHSC2XFI6AFWF47SYNO3MDN4,856.164384,compensation-preblock
RAYXZ54BJIFVLCARBGOJ64ZRM3NJ3GOYVSZHRMYAZXNM6F2L4VS6R573EE,856.164384,compensation-preblock
S3CLHCOVDCMT4TSUKFORWDL2SEM6EKRC3QQ2USEDXWZ3MCX2OIZOH7WNII,856.164384,compensation-preblock
SL7FKCMPOY2SBWHWANY37X26FQZJW67U7ZC2ZA5UK7GAZIXPB3UX6ED2PE,856.164384,compensation-preblock
TUZVK56ILKMVU6CRMTHQZR2RUCA7FXM5T3E5CQKTHYFBXQDEWJ2RBMGDCA,856.164384,compensation-preblock
UK2B66E4NI6NDAPB5PLOZAXFYEJBOES5N4Y3O6O6HGRERXKFFFHU5W7AVU,856.164384,compensation-preblock
VKOJPM2GKDZ5PAS6C62P26FHCCG25AYTZNKQ5IKK37MN3L3443VPZSRUME,856.164384,compensation-preblock
VKOJPM2GKDZ5PAS6C62P26FHCCG25AYTZNKQ5IKK37MN3L3443VPZSRUME,856.164384,compensation-preblock
WJ2IL2JRSSLYBQ5CVHVUZMHDKRVZ7O5OEORF6V4KUIPVVFJVFA2BBWIPME,856.164384,compensation-preblock
XJ7DYH4MGBLYDXR3DNNPETUFXGDMZ6PFGMQHDGEYLPA5UPA6ZLPSUQN5CY,856.164384,compensation-preblock
XQDW6KXZAMOQYXGZL6ENJPANLQZQZ4RLHDWGGXX3P4ALXJGD2J7TCDFA4Y,856.164384,compensation-preblock
CM3ZC725OCJN3UTBORJMYVS2PFV25Z4NW7JU5HUGZGFEZR5Q3QKZ3RDWUI,789.778511,compensation-preblock
CM3ZC725OCJN3UTBORJMYVS2PFV25Z4NW7JU5HUGZGFEZR5Q3QKZ3RDWUI,710.800659,compensation-preblock
FVW7VRQ6W2JOG57HLHBDF27IV3OVKCGQNPEMT624RPOORGJYMFM5BIUPWM,572.58942,compensation-preblock
GINE4CCJYIMGR6GEN53B763XWEVJ2J34BQ6YKLXV6G5QD2BZIEGNDOQRB4,19.744462,compensation-preblock
I4VW75G6Y5EZ5V5Y6M7J3BNFKCUBWJWCEOZCM5M26L5OZPTPL4RIQ4TEWM,19.744462,compensation-preblock
ALGONAUTSPIUHDCX3SLFXOFDUKOE4VY36XV4JX2JHQTWJNKVBKPEBQACRY,351001.44,phase12-extras-consolidate
HEYXMPYMYFJLWU3MSFFWDZE7T4DUMR26LL6ZFJFWCQHQWQ3K33UBJPS5SE,36628.41,relay-batch-2+preblock