App,Address,Amount,Note,
406919,NFZYPGTKBAA2WNR2N4G7HUUA5R3BEXBRLUAPH35FS2ZBMAMEXNKXGFSQNQ,394751.0442,compensation-fix-preblock,
37049,RWNOVLS5ZJM5GHM5WXIRMHG7NHXCYWLWYB5E4DTPILHQ7IIVNM5CVR4PVE,174340.71,compensation-fix-preblock-adhoc,
421766,KSMGUNSX2IWGPZUHU5GPLLD7762T3KUKTPQZXCKNTVMSNZNKQ6RA37AYPI,102848.9066,compensation-fix-preblock,
401126,RNEGLGIH4MOTTAUPGNNWXPZX56LZMAKN3WHXSIABPGUDR4I6JESVCO5Z7M,96925.56776,compensation-fix-preblock,
406125,KLGULEOCWWU2JY7W6K3DSSLJEYDBNQYWZUAT5NEHFFBYOWKDOT63MCOU7Q,76786.21573,compensation-fix-preblock,
49075,K7PBRB6OBLWSPB2XZGDDRWHXXG7WUFMPTLWGZG5WQGVF5YN2W5KARKEXJU,75000,compensation-fix-preblock-adhoc,
405969,CAL6HQKCWXZE2LQKLCFST2TYDU6GPUGM667B2EBGO2WSAUUF2XLI3K7LFA,70803.64351,compensation-fix-preblock,
41724,JRXEGJ5RSBPD4DIMAL74AGOAKWP3JEDGZRGJWBJYFMFW6W34X3DWB7ELKM,59339.26313,compensation-fix-preblock,
36950,UD5LOVE643WWV7CFQVMAYW6L5J6OW2ST3TTYYIKGDSRC3AEMFKV2RC667U,58351.07,compensation-fix-preblock-adhoc,
38488,ZHP62GN33O7LM4LUA5WRPM6CAZIO2R445UYITEU4OFMB6GMM7ABP54N6VA,50710.71,compensation-fix-preblock-adhoc,
53403,U2CPUYXJJ45QP7MDFKDZ3TK2QK2E4VEFLLFSS3NX5GUFRTOVGPPK7NPF74,50000,compensation-fix-preblock-adhoc,
65326,4ZIN4GDZ7AFUBHP77MHUAHNZVFOKEZD4SC5DGSYMYXJ3HDW2VCG3Q3R24M,42753.91439,compensation-fix-preblock-consolidated,
405956,I7VZ5WEIS3M7HUWBPGHTD44ZTIOYXFFNICB2JLYGIZHI2CFCGYEL5BANAE,35579.52192,compensation-fix-preblock,
400997,7WO47R4XY5TIO3YP4KFK7RU6Z72YL5VPPIOM2P5NNFH6YFYLQZVVJWMJFI,27563.27003,compensation-fix-preblock,
36964,URFANYZIZPZFOCPUE6PIRY3ZK7IHP5MRXZBTJ3I3YG526CQRVWEPITEQPM,27365.36,compensation-fix-preblock-adhoc,
37333,63VHG2ME45CQC6GSX3GQ2RGWJWYR4FOBPBHNIOS5TYNNTTXCHK2XRJ2DY4,27143.19683,compensation-fix-preblock-consolidated,
409131,NL3NIBJBATMITPDMKNRILMGRQ3IM4BGX5ZGJSUXWFDLJQE73S2D4H36QKE,24641.08954,compensation-fix-preblock,
407041,F76ZRA5363BHN6R4WF4GZI47UWBP27U5G775BS7FVNWA7PZCG7V5XM55PA,22864.0879,compensation-fix-preblock,
400476,NBI5VML47OINW3HGG6OVUMTXRTKTHSKDNO6OJLWJXTO6YH7C5QHXKU7DK4,22212.52062,compensation-fix-preblock,
400382,FZDOXISTULFJLRVGXULILL4A5X2OMV2YGZZMC6DEXLELFNEZIGC4WJ6XZY,18105.67236,compensation-fix-preblock,
408861,BWHDXT6H4EP54IE3ETYXR3YATEXNI7ABWYTX3LQVBGTFQZ3OK4QAQWFLLM,17039.47137,compensation-fix-preblock,
40025,E5GUVQTBWA22XJWCIIPMET4VZPNHOZUB2E3VTRYZOKOG3FIWBCUPL6IFYM,14598.31047,compensation-fix-preblock,
404464,FZPGANXMQIHVSWYN6ZXS63QO5A5X4LEYCB4O52IP37HR6LY5RJY6FRC3LA,14038.31303,compensation-fix-preblock,
37249,JCID5RLZYBD4HNHJCDU7NZJ2U3FNXYG4THM45UAYHGBR5UNBQIMXMA6FHY,13165.71,compensation-fix-preblock-adhoc,
400451,WOFJSEQCSH6D2GGTU7AM73TAZHDUUQHA4DF3BMBXEVXOTCUPI3XC4N6UL4,13149.81221,compensation-fix-preblock,
37354,KY365AMFQGU2XR7RMMLUIQLAHJVR6DCQDDITHH37I7V6GFV727NZAZCGY4,12972.86,compensation-fix-preblock-adhoc,
400782,ZYWSMZ7U2BAC5N74NB5CLX3K3JU3F7Q65PF6XSAN4MHHA52MBUIKITGSYI,10819.9656,compensation-fix-preblock,
400657,NNF6Z27GXUGYKQ4PU5TLFGKLIZH3YS544SLVBTXNDZ2BLCBV4YYNHQEK7Q,9497.086594,compensation-fix-preblock,
404069,22LJ6W6SWORMXQAA2DEOPYDP5ZIY3Z5327Z5NKQYTA6PBSHVQHX23JH32M,9200.919652,compensation-fix-preblock-consolidated,
406750,4XBXQZDWWAXFZBBEDIOQUBY6JH22HLC2K5A7XXJQISRDBIXUEAF5FAGNXE,8470.37453,compensation-fix-preblock,
40032,UPHSXCIIPEAQTZV5KSVG4AEHX3WWJEPGSBWTI2RDNJ3JBUCF5PIGOEXZDU,7845.704205,compensation-fix-preblock,
401338,DGQXOJDOVCND4N2GOGN4QD5Q5XMYBJG4CJ6NY62FLVG3VJTII2W5IZN2FM,7739.829407,compensation-fix-preblock,
408847,WJAMZRISXKHB62R6XMB7REAT5PAO7SQHFLGLSJRP62WDR52FR4PBYBQLGA,7660.851556,compensation-fix-preblock,
404898,KA6DTOVZNNRIY567IFUQP2FWWEQC4HAZU3XVYIDEG3VQFQCP5ODBWVTZ4A,7108.006598,compensation-fix-preblock,
54755,GRTRSA5XTX6QYWCEQE3CH67MTI4WK5DFXRQEWL5DUJQN3RYSKT623W7S6U,7088.262136,compensation-fix-preblock,
400415,HYN36CJPDPQEG7RNV5VDX7HBGLXOASYZF7BY7OZWJC5OMLDLWHFNMULIRM,6653.883955,compensation-fix-preblock,
404663,AE7J2DFIHOUO4SEC5FYKVORIJGYIKV7JW5DQRL62TMCTGU3FZNYZZFQSSE,5429.727262,compensation-fix-preblock,
400397,EVWYE75KM6C7BP3KJLOKRR3PK4Y5CIPLLO3KTPDL2QLDLNVTEBUJXL6U6A,4383.270736,compensation-fix-preblock,
409063,HI4GEV4ZU32TGWUPKC5FKNCK6DZOLX2RRX4BVB3QG6WUHQ2UAS4GM3CN5U,4146.337182,compensation-fix-preblock,
"36914
",3S5QBFCYMWWVIKKRJZYTVS3UOQ2UWHRBH4TXG3VZA7VQMKN66D2DYJY3MQ,3580.900244,compensation-fix-preblock-consolidated,
420455,ZKR3SXU5F2GHQ4FS7MVIRONEIOL2V432LP756O4R6HRW3H7XU3SKYDW3PQ,3534.258835,compensation-fix-preblock,
400844,GOJFYNMTLD65D3T42MY7DK6D3HFUTNV5LNAKEYIHZRG5JMCQYDVLEGH5QI,3494.769911,compensation-fix-preblock,
409381,EYKYEKP7CIEOWSGGD7VZRB26ZAQ2WJ4W7RNUY7SPFMPCDB4FLE3H4HIJQY,3198.602969,compensation-fix-preblock,
420494,T4MLMVVRB3CAVD3I4GN53WDP2MRUB5F6B7NWC7A4DJQW54RR7UHVZOTKSY,3020.902804,compensation-fix-preblock,
422628,WOFJSEQCSH6D2GGTU7AM73TAZHDUUQHA4DF3BMBXEVXOTCUPI3XC4N6UL4,2922.18049,compensation-fix-preblock,
421840,6DHX5XZZNN2XX5B734DDOH5LNHQGLWTL4UCFRNBPEBMLKAVHKNA6G6JTWE,2843.202639,compensation-fix-preblock,
401093,37KINBSERCMW7S7N2QZXOD655RZL3VBTU6EIZB5LOLZEUKRRBQ5Q2EGA6U,2843.202638,compensation-fix-preblock-consolidated,
416963,SAXQKSAOVLL5A5ILALC6EOLN4X3MICMQP3QH5WQU2RHMJDUK4EWB63SAEY,2645.758011,compensation-fix-preblock,
408445,VA4OK63REWDID52DFK7Z4CKJQOPK5GAVGLMW2C5AYZPJKLSSZLITLZST7M,2468.057846,compensation-fix-preblock,
458052,MDLTJBP55BZZYERYHYFG7OU42XTOC6I5242R7MFDAXUEAURAXYL5KDGAYQ,2087.47356,compensation-fix-preblock,
407368,OSASRZ6BE7NY5OQOQOSVV3NRRLKV5NKMPPPGY7P5IJP4FXNHADU6TKJXVQ,1836.235037,compensation-fix-preblock,
63320,KUNLFEIZM4DIQALHP47XCQIFBMNUFXK2QJOAKQR5H22I4BRKIH7UTBXADE,1712.328768,compensation-fix-preblock,
44038,VYUYWM6DUWLJFWSQJW3HDCLNDTKXPPCZBK7FLW74AHYUUSG7YSBDVZXTZ4,1712.328768,compensation-fix-preblock,
404057,C5NZ5SNL5EMOEVKFW3DS3DBG3FNMIYJAJY3U4I5SRCOXHGY33ML3TGHD24,1698.023798,compensation-fix-preblock,
295240,M6ALL2JYLNPCVOUO5QFBPSYI3EAK5RTIQEG5DZX3Y6LRH2PB7AXBAY4DTQ,1461.090244,compensation-fix-preblock,
400509,QWMPHWZH2XWGHUI5LNK7N6AX7PU5WHUZ6RBNHAQPK2SH72GYLJI4G2PQKA,1421.601318,compensation-fix-preblock,
403031,DQVAPFLH3ZOG3LJPFCDATKKTO5YXM77ENZBAEO5LPL7AO6QASBEEKDVS4I,1401.856857,compensation-fix-preblock,
80036,I7QF6NYSQVKAHJ3GH46DZ7VDNBURLCPSPQSX4BOV6P5LUNDAZYEEVAZFYQ,1033.864548,compensation-fix-preblock,
40116,THRC44EKQ73L34IYTYPRFPGC3REXKWD2JXHJLWADLLAK34XQAPTWDUES2A,875.908846,compensation-fix-preblock-adhoc,
287580,ZTS4DURSGWXRPJST2NYA7XVP3ZVQLGLCKAKSKJVWTB7XMZGY2KT7CE3KUY,875.908846,compensation-fix-preblock,
40158,2DFT2YWDJXQKTP4AFHNKOATBJ6VI2KKVKNCKV4W62AHXFDO4DZWBWINCQE,856.164384,compensation-fix-preblock,
41689,3232XS2DW6PVPCIYUJXV7VK7YMYMMS5ITCVQK5YEWZOY6OY2JG7M6UEFKI,856.164384,compensation-fix-preblock,
43396,3GVYCZS2I6RLRFANJQ2VG6MJD7HEAPTPPMZWWRS74YLNMTCZXDYIYEKIAU,856.164384,compensation-fix-preblock,
290758,44LZ2YGHUJN6BFHJQ2N7Z2W26M5KWCYXC7F4AFVCPJKBU3EEYYH4R57J3I,856.164384,compensation-fix-preblock,
457896,54I65DE4SBMBBQB7W54INEAQ6E6ZB2K7NVGCCS3C7J4I7CPB52HRGBR5DM,856.164384,compensation-fix-preblock,
156655,5DXAMYPW5UP3N44GMUVBASI4HN7ZF6R4FPOGH4S4BGWA3KJCPZRTZDKDAI,856.164384,compensation-fix-preblock,
40567,5LSITMKAKHKO3LG5HPJTF5OXYYCYVBNTISAHPSFXLKI34QYJZKA4EHXEDQ,856.164384,compensation-fix-preblock,
54545,5OYIV6XYJ7VZMXDRRRJPSCMOLVOAWCWPWZGH7NABBBNAKN2Y3YERM66FHE,856.164384,compensation-fix-preblock,
284402,5YSWBQPVJMUAKYZ5U4V3Z2WLUJDIFZ4RLOP2N37DZ4V66JWF3WWDZZRCNY,856.164384,compensation-fix-preblock,
38919,6PICJA7JBIWDAJYLWIMZTYBS62CJHGO6W4KJ2XC3W7RF5UHEJAUZUJSHWE,856.164384,compensation-fix-preblock,
74040,73XD7JVYAD7WKZMX6XJ23HUCTV22NSMQ3HOTY7WX5UWY3XNBHDFMVHJ5V4,856.164384,compensation-fix-preblock,
38451,7RB7URC3TAEVOPUFIGXNTOV2525ULVCGSZ35DHTGMMBZI7XAIIUWVI5LOY,856.164384,compensation-fix-preblock,
464708,7ULR3JKKQDA3HGPTZNSKZ7ZMAHQPRI2RBP2RTU7ISSNNSPZA2WUZT24PJU,856.164384,compensation-fix-preblock,
114296,A4VRNG3SNVXHJPULSL6NMJHCYRKPT36PIGSUR4ZRC5J3G5AQ63TQCTIHOM,856.164384,compensation-fix-preblock,
462278,ANPFEL2YF6JGRUCWG6M4WAABI3TU5EDHGLH2AOHYIS5HHAV7LNAUBXCLUM,856.164384,compensation-fix-preblock,
37347,B573LVAJXPSNQDGIJKNAUMA4PM6UEZRIB7JWACGGPRK6WIGUFKGI27WY7M,856.164384,compensation-fix-preblock,
46378,BD7RA5R4Y2J5YQXQ2DLXS3HWXIGMRNLR3RNGQHRCCYJ6LHHK5KVYQ6J7TI,856.164384,compensation-fix-preblock,
461304,CAGIBPCW6VGOU4OOGD3LYNMAMAWKWXVHOEGY3E2GA66ALN7RVBVOJLOIH4,856.164384,compensation-fix-preblock,
36907,CH6UXSEYWZW2YPXM6EIHY2M4TGEALCYDF7WSKWOO5PJ4PN6CYYTTEZ3IVY,856.164384,compensation-fix-preblock,
460569,DIBWFIVCXI24SE5OQBZ4M57SALT337W4EQRUG3O6VIU3PCWAOAWP2CLMNM,856.164384,compensation-fix-preblock,
37305,DJASBA6SCNC5HT463XRDONJ7W44HM4KXK7UB3TOF7ISZONSHG4YVTGTQWE,856.164384,compensation-fix-preblock,
42189,DZF4OILHIW2EEN5UDDNKYGPX2IJEBH45IWYGFCCVF3ZZYIVA43J42SX6HM,856.164384,compensation-fix-preblock,
37298,FFX2QWUU7B4XNLFKV7UHRNMTYF43D2BGTZUBOV5MSISSYS6ENWBSWJ5A24,856.164384,compensation-fix-preblock,
37730,FNCFQU67HCG7KPTZ46LCTUPANOCCWF4NMWFOVNCXTILYYDZ7BLVDJV5KGU,856.164384,compensation-fix-preblock,
37455,FQBOAHRBYSCNQRYYDY2CJXM4YJ65J2M4PQME7C7ZMY24SVNU2XFPQSKZY4,856.164384,compensation-fix-preblock,
138570,G6KJQLHZLJ6IBYJ5NGYKAM267XU54RJYUYIF3TCQPFHLGK6B3ETKCKZDUY,856.164384,compensation-fix-preblock,
44393,GO2O3P3H6NFL2M3AXHYH2BYWLOZKPQD4L3M5JGRSMXTNKUFK527MUGBJZA,856.164384,compensation-fix-preblock,
38083,GR5TOPPARZWPTHDJI7DZU5ETMMYNVFZEH67SXOWQHQAZQQHYZDJ6FCACZM,856.164384,compensation-fix-preblock,
461457,HMRVWBJLBDAKWOJEFSTCGSCAT7XBJFIKTHR6RPXGWDGYPZRMRBUNJ52HWE,856.164384,compensation-fix-preblock,
43241,HX7PB7Y3BFIO5MHRBHMEKIQ3AAPPIK764VL6E4DPMKCKSZP7KWDRKCI53I,856.164384,compensation-fix-preblock,
38126,IKBA63OLIONTVSA2LXQCPIV7BHCEDWMIHTOIVAZJBALYVBHQD6SGZ6HI4A,856.164384,compensation-fix-preblock,
465120,JMYMPNO75KC7NER3NQ4YUIA64RM4P3UWFUG3QWXDZM7LY25IVTZ7U4KESQ,856.164384,compensation-fix-preblock,
40293,K6LHZJ37SPRTU57CLRCU5IGKSMHHIKR2N3T3U2EEPLDOL3KDTNL5YR4PQI,856.164384,compensation-fix-preblock,
463841,KCBKXMOAYSUFPBQUYTGJTIGCYIFXZC2FQDZ3HRXUZNHRUDQDBKWYP5Z4OM,856.164384,compensation-fix-preblock,
286915,L7ZVTZGAZHAKSMMIWJZIIXGGH7KWA2T6XQP5PKF3I4OLNLYSWCM2BILVK4,856.164384,compensation-fix-preblock,
284458,LCNJXTMDALEQTPS7SPZGU5JJD5RDTVWRSQGH6XAI2NP4CWUKHZMPSMHQMQ,856.164384,compensation-fix-preblock,
465209,LJAD4A7NQ5VNK3SU4LOTUBSWWCK4CZKGP5DF35SZWT65SEGY3FSQVRZPOY,856.164384,compensation-fix-preblock,
40207,LTSTZLROQM7RFACDZ5VMUJWHYPB5HT52O3WGZBOK5DNPO7EA5PF4RMYRY4,856.164384,compensation-fix-preblock,
38678,LVDOKMWOSEIXVCOONSVMO7X6XWGZH37SJGHW466DIKSWMT3UVXO7NDPCPQ,856.164384,compensation-fix-preblock,
461618,LVY4XRGB34RR26YPQAGFRZOGRYLZQRPWDG6PK7PQPC7TGZU3CZ54ENNRRA,856.164384,compensation-fix-preblock,
38849,MC75APUKC4IXFP3B62PJAYGOYFTK7RBM5DD7SABLKTBMPTJLLKWWOFLLXM,856.164384,compensation-fix-preblock,
284465,MJHDBACVBNZX5YLPV2DNWEDZCDJDHSVKXQXP3GR54K6ZIB54QTDOXQGUNI,856.164384,compensation-fix-preblock,
286677,N5BIWN2BAW2CNU7H2RTUVTESBH4ERIFMTHBWRTLI42TPX2HWWKICE7TZ4Q,856.164384,compensation-fix-preblock,
463988,NV4UY5YEOIQDYDCCWC5QMSHDJSHVNXUHJ45NICAJZ3Z6GVIAB5GWSD4AME,856.164384,compensation-fix-preblock,
54832,OCHTXZB664FSGVFV34UX5C254JVYTEBYAILRV336CBASWUNYHINVWVIY3E,856.164384,compensation-fix-preblock,
38422,OOEDQF6YL44JOIFBDXWVNREBXQ4IL53JMTA32R66S7GLKEP5WC4CL4SFLE,856.164384,compensation-fix-preblock,
40342,OQ72P2FYDEJEFIEI6JMFUUE3ZHM5FGJGVUHCEVNJMOMXZ5TRNXHFMCXPEY,856.164384,compensation-fix-preblock,
38699,Q7F4TY7YT7U7YH3C4T45TYAR3OLYHHXYHS3AYNGIK54AKR4BDYSLND4GFU,856.164384,compensation-fix-preblock,
290765,QR36VBICMIJC2HFQP4T33NOLECGMV6FNVIHCDOTA64PUVR5FCICYZQEHYM,856.164384,compensation-fix-preblock,
465497,QS2HU3VDOZYJUQVWAAQF2MICRZ4QPRI6IG3AQYP2IHMPHR2LGOJBQIZSEI,856.164384,compensation-fix-preblock,
40392,R3XDGN65S3DF6L55PU3YGZJ4P6AYWSBQETDJ7TLJCYLBTBAWAEP5Z4OVLE,856.164384,compensation-fix-preblock,
284738,RERWLRA7VHV4ZK2ZUNHXTHTRDAYXLYZS6EZRGP7OGF6N3BODBXDRF3F5CQ,856.164384,compensation-fix-preblock,
40102,RPAPIUCL47DCJWH7GP5V3CV7PYHQLDRWSPWJSBFRWTPHDJEH4W34W5DPCM,856.164384,compensation-fix-preblock,
74251,RTIIL7JVXD2ZMCT24VR6SHLZF5DRCAO5MBHKLHL2HEPYIXCKLU7LQVPIPI,856.164384,compensation-fix-preblock,
50195,RYQAHN56VQSON4RAXZI7VE2EW474WR3US2GJH7REEF6N5XRBDF6LK4ONXU,856.164384,compensation-fix-preblock,
38530,S4HNVCPZJLTZ5AQWLH3ZTLXMPPSKRCVA5WSYFAYXOSOBFFG7HJYROWL364,856.164384,compensation-fix-preblock,
37121,S5WOCLEPWWBQSQVDWNTCPPNEUTKJV2OQGUVQ63EUO7K7X542XLNCALFSUM,856.164384,compensation-fix-preblock,
49334,SCK3OF2O7352D6JLWAS2C6ROLPSE7RN4MUZOIHNG7QTXRE56LUPXNGMVV4,856.164384,compensation-fix-preblock,
50265,SRRLVJFCHZALDKZXEUQSZ2NX442K5LNAATPZSTLEPGXWFVW6X6H4MKKCIE,856.164384,compensation-fix-preblock,
80646,TBG5XVTMI3MNIIEQEZNQGWHW7O4WUJ4AQJBDQVKUBEYHJPQO7YFIBBFNKM,856.164384,compensation-fix-preblock,
38055,TJUVSNRBDTF2DDAWQDNLE5B4J2KUA7QQOEWSBFT5OGVPFZX5C25WWG4D3I,856.164384,compensation-fix-preblock,
459002,TMEF56RIH3LGCRSNWCIFABD6WJHVN5TYLGXA2ZWQY7LEIXXXZBSKF6G6OQ,856.164384,compensation-fix-preblock,
37863,TNTSFV2C6ZI3JY2GIFHF2OAA2BXSIJBGECENJV5DNLJTXME2K33VKHGWSA,856.164384,compensation-fix-preblock,
38692,TOCE6RGN5JBVTY56L6ADTA2HA6ZFTFHF35MFNXHWXW5NZRBPHVJ7B3VRDI,856.164384,compensation-fix-preblock,
42381,U3BD7GOQAYV7ZKITBIXVSR4E6AVPWLA5ZXLBR6KRJCM2OBIDZWFFQFYRUY,856.164384,compensation-fix-preblock,
142809,UEPAMPFUUUWHDU4HQ27FQ63AXHBBRA2J63HPSCTNNSTCSENFPCDOJLKMJM,856.164384,compensation-fix-preblock,
259460,UEUSVUHIJDZAKSBAH33UZEYA3L5UHWFJOIRXSH2QPIJ36QZWSKWBPJRFWE,856.164384,compensation-fix-preblock,
71855,UG25OV4IMCGCI4IMYKGCY5TZI5C4LCXKVLIL2PIKEE26HTJMOAQAOXGL34,856.164384,compensation-fix-preblock,
290807,UGSIGRKJWCRLGODKGAHINH7U3XGTEUAMDM4OXKEIOOTYDIDTUSKJN3ZIN4,856.164384,compensation-fix-preblock,
41731,UUYIBWQ22Y2S2BI4MDPKXM6MS25GQUZ4NO5IBNQQ4XS3O2SNQ5BN56RFRA,856.164384,compensation-fix-preblock,
53984,VSTDRJZL2XJ37VKPUFUNZT745T3HYF7ZIRLPSFAMWP7GOBJMIB7NI56HFQ,856.164384,compensation-fix-preblock,
42260,WCI7SADQO4KPUBJQL7Y6AKUGBKQ6MTAR24IGOZCDGJNG777ZUCFSWEEL2A,856.164384,compensation-fix-preblock,
38048,WKU6ISGGC3WCQBMDBRYN3CXAM46H4PQ3YCXP3RLTFYWHWDXFG4N7XNDSGY,856.164384,compensation-fix-preblock,
37638,XTAC5MW7A3DJHYM3E4GLE5TGSG2NVMXNDCDRZD5TB6CFWDHNJ26YNBPDZQ,856.164384,compensation-fix-preblock,
40257,XU6NXRVJMJMHVWCC77AOKK43ITG6YSMZB4Q74VUNYFQ27ZNJJHIYI5R7XE,856.164384,compensation-fix-preblock,
48652,YUM2VRKBBFACD24BNZEH3EJPRLHIIBNTOWUT5YUPXEQ6LJEIMD5D6J3ZNQ,856.164384,compensation-fix-preblock-adhoc,
74244,ZOUHPSHTWTYHQNAL62HGNAC52TIFPGPQ3GFHIMVXVS5WQFVVXHLFKFCB6M,856.164384,compensation-fix-preblock,
74216,ZT6VQQBXG457E6AMUZRZIPC76KJN3WV26NFIUJ562CJ7A264I66EBYVBP4,856.164384,compensation-fix-preblock,
407583,DFTHCQMJHWMBOEMUN4NFAMI5WHMIGTJU6VZLYFV4UAXDB3K67APPBANQRI,572.589419,compensation-fix-preblock,
403126,EW7OF4X4RJ5AYALEOV2MBDQ2FI3RVTRWCRAV7HHSOSTWEGATPUEB3G4XHY,434.37818,compensation-fix-preblock,
412262,PET3NZQFX7BCOF5PENO5O3IKL65OTI6TAQH5AWB6OR43QFKALJOGHNH7MQ,296.166941,compensation-fix-preblock,
405985,MGARCBKDG25YRLIOUJWM3GDPO7OQ7IEQPGFC75T5FEYMURMABPLGSL5TOE,256.678016,compensation-fix-preblock,
404970,65Z4RSSNWO4N6BBF7FINJC2ZE6F7JBVCEFMKKMWZ3RZA7VTX4RXZWCLLVA,217.18909,compensation-fix-preblock,
406683,XQXKC6BKMM5Z7XOOLUNKXEFDPYBG3OVSCTXSCVOQGXZVG67QPXWLRFUHQA,197.444627,compensation-fix-preblock,
401154,UNSEHWDF5XV57G46W37M57CWKIKPQWHCDKWXGDRSKN7KCBIPMOCEIKQ2VU,98.722313,compensation-fix-preblock,
50440,GAUWTPBUX7IA4AZRNCHQV6OVWUXN55E6Q2WQD2RPNDWWOARE63YTREQSQU,19.744462,compensation-fix-preblock,
405120,LD4NG2LH25FXVOHNBW64MYDQUHPRGJKDF35MLGYSJDGYKOJ24YHJMIY3EE,19.744462,compensation-fix-preblock,